{"gen_score": [0.5677906391978951, 0.7361903103147256, 0.8234617607386596, 0.8578316164031179, 0.9161325296015264, 0.9656016825713323, 0.9732817431351464, 0.9736948229479481, 1.0184300808600497, 1.0184300808600497, 1.0184300808600497, 1.0500610246529902, 1.0635174610859934, 1.0635174610859934, 1.0635174610859934, 1.0635174610859934, 1.0635174610859934, 1.0635174610859934, 1.0635174610859934, 1.0635174610859934, 1.0635174610859934, 1.0635174610859934, 1.0635174610859934, 1.0635174610859934, 1.0744357510501104, 1.0744357510501104, 1.0744357510501104, 1.0744357510501104, 1.0744357510501104, 1.0744357510501104, 1.0744357510501104, 1.0744357510501104, 1.0744357510501104, 1.0744357510501104, 1.0744357510501104, 1.0744357510501104, 1.0744357510501104, 1.0744357510501104, 1.0744357510501104, 1.0744357510501104, 1.0744357510501104, 1.0744357510501104, 1.0837944838909195, 1.0863133045921032, 1.0863133045921032, 1.0895868342941029, 1.095419647885258, 1.098141086300025, 1.1015704626420018, 1.113357002617704, 1.113357002617704, 1.1168048388482603, 1.1179029538485779, 1.1248609653810178, 1.1259930249688495, 1.1301320101747194, 1.1303354268195207, 1.1305897299548775, 1.1313246959728218, 1.131657422203297, 1.1318923902327995, 1.1336692181825754, 1.138894486821627, 1.138894486821627, 1.138894486821627, 1.1398877449420155, 1.143299564123673, 1.143299564123673, 1.143299564123673, 1.144118793772833, 1.144118793772833, 1.144118793772833, 1.144118793772833, 1.144118793772833, 1.144118793772833, 1.144118793772833, 1.144118793772833, 1.144118793772833, 1.144118793772833, 1.144118793772833, 1.144118793772833, 1.144118793772833, 1.144118793772833, 1.144118793772833, 1.1460227973826207, 1.1460227973826207, 1.1460227973826207, 1.1460227973826207, 1.1460227973826207, 1.1460227973826207, 1.1460227973826207, 1.1460227973826207, 1.1460227973826207, 1.1460227973826207, 1.1475864663331379, 1.1475864663331379, 1.1475864663331379, 1.1475864663331379, 1.1475864663331379, 1.1475864663331379], "gen_psnr": [38.577248450337876, 38.56446773360234, 38.65219143061121, 38.603550617515374, 38.696846158179724, 38.68017492150026, 38.67100623505094, 38.62144391075008, 38.65127923452986, 38.65127923452986, 38.65127923452986, 38.66638259939827, 38.6311142981219, 38.6311142981219, 38.6311142981219, 38.6311142981219, 38.6311142981219, 38.6311142981219, 38.6311142981219, 38.6311142981219, 38.6311142981219, 38.6311142981219, 38.6311142981219, 38.6311142981219, 38.64292498761337, 38.64292498761337, 38.64292498761337, 38.64292498761337, 38.64292498761337, 38.64292498761337, 38.64292498761337, 38.64292498761337, 38.64292498761337, 38.64292498761337, 38.64292498761337, 38.64292498761337, 38.64292498761337, 38.64292498761337, 38.64292498761337, 38.64292498761337, 38.64292498761337, 38.64292498761337, 38.63513652134023, 38.63616179127317, 38.63616179127317, 38.60798828904712, 38.61338489865117, 38.61632227130522, 38.619798232772254, 38.614284623578484, 38.614284623578484, 38.65044503275527, 38.667700406341176, 38.65857968244466, 38.6595670220197, 38.64750076540113, 38.64769088788539, 38.64793375192718, 38.648665267223606, 38.632510607051046, 38.63271191612366, 38.63449989850106, 38.656138720370215, 38.656138720370215, 38.656138720370215, 38.65712440893796, 38.644363543178045, 38.644363543178045, 38.644363543178045, 38.64517506718734, 38.64517506718734, 38.64517506718734, 38.64517506718734, 38.64517506718734, 38.64517506718734, 38.64517506718734, 38.64517506718734, 38.64517506718734, 38.64517506718734, 38.64517506718734, 38.64517506718734, 38.64517506718734, 38.64517506718734, 38.64517506718734, 38.647091976856444, 38.647091976856444, 38.647091976856444, 38.647091976856444, 38.647091976856444, 38.647091976856444, 38.647091976856444, 38.647091976856444, 38.647091976856444, 38.647091976856444, 38.64863915198355, 38.64863915198355, 38.64863915198355, 38.64863915198355, 38.64863915198355, 38.64863915198355], "gen_time": [11.779895728571825, 9.51514088041724, 9.520793962728924, 8.48316060322526, 8.920593446549484, 8.09383857593364, 7.883229238269407, 7.258536686848672, 7.072287510194641, 7.072287510194641, 7.072287510194641, 6.865692773638022, 6.256633552270868, 6.256633552270868, 6.256633552270868, 6.256633552270868, 6.256633552270868, 6.256633552270868, 6.256633552270868, 6.256633552270868, 6.256633552270868, 6.256633552270868, 6.256633552270868, 6.256633552270868, 6.2677885463627785, 6.2677885463627785, 6.2677885463627785, 6.2677885463627785, 6.2677885463627785, 6.2677885463627785, 6.2677885463627785, 6.2677885463627785, 6.2677885463627785, 6.2677885463627785, 6.2677885463627785, 6.2677885463627785, 6.2677885463627785, 6.2677885463627785, 6.2677885463627785, 6.2677885463627785, 6.2677885463627785, 6.2677885463627785, 6.053448557438403, 6.034779172835341, 6.034779172835341, 5.641691273734721, 5.636238723895946, 5.638937901886999, 5.6395202159501885, 5.423268351331744, 5.423268351331744, 5.832175513159681, 6.0341412454795185, 5.833157052617523, 5.831348052457673, 5.628782529652232, 5.628616352645369, 5.628473363975798, 5.628430229956864, 5.422337899918917, 5.421917162957761, 5.4220565933031315, 5.627226008679419, 5.627226008679419, 5.627226008679419, 5.6271313892713515, 5.424972827501634, 5.424972827501634, 5.424972827501634, 5.4248765070033285, 5.4248765070033285, 5.4248765070033285, 5.4248765070033285, 5.4248765070033285, 5.4248765070033285, 5.4248765070033285, 5.4248765070033285, 5.4248765070033285, 5.4248765070033285, 5.4248765070033285, 5.4248765070033285, 5.4248765070033285, 5.4248765070033285, 5.4248765070033285, 5.4250378327448265, 5.4250378327448265, 5.4250378327448265, 5.4250378327448265, 5.4250378327448265, 5.4250378327448265, 5.4250378327448265, 5.4250378327448265, 5.4250378327448265, 5.4250378327448265, 5.424831659952213, 5.424831659952213, 5.424831659952213, 5.424831659952213, 5.424831659952213, 5.424831659952213]}