{
    "0.0": {
        "DOG_4507": {
            "PSNR": 37.83596684911184,
            "bpp": 0.27072802740229174,
            "genetic_statistic": null,
            "t_dec": 22.592936515808105,
            "t_enc": 2777.5754363536835
        },
        "avg_bpp": 0.27072802740229174,
        "avg_psnr": 37.83596684911184,
        "avg_t_dec": 22.592936515808105,
        "avg_t_enc": 2777.5754363536835
    },
    "0.01": {
        "DOG_4507": {
            "PSNR": 37.77539184071951,
            "bpp": 0.27012360424069565,
            "genetic_statistic": null,
            "t_dec": 29.400635957717896,
            "t_enc": 1550.6221396923065
        },
        "avg_bpp": 0.27012360424069565,
        "avg_psnr": 37.77539184071951,
        "avg_t_dec": 29.400635957717896,
        "avg_t_enc": 1550.6221396923065
    },
    "0.0129": {
        "DOG_4507": {
            "PSNR": 37.776207232260035,
            "bpp": 0.27019786278869395,
            "genetic_statistic": null,
            "t_dec": 36.62998008728027,
            "t_enc": 3948.7363381385803
        },
        "avg_bpp": 0.27019786278869395,
        "avg_psnr": 37.776207232260035,
        "avg_t_dec": 36.62998008728027,
        "avg_t_enc": 3948.7363381385803
    },
    "0.0167": {
        "DOG_4507": {
            "PSNR": 37.73247053601675,
            "bpp": 0.2701499349609022,
            "genetic_statistic": null,
            "t_dec": 30.54304814338684,
            "t_enc": 4140.402750015259
        },
        "avg_bpp": 0.2701499349609022,
        "avg_psnr": 37.73247053601675,
        "avg_t_dec": 30.54304814338684,
        "avg_t_enc": 4140.402750015259
    },
    "0.0215": {
        "DOG_4507": {
            "PSNR": 37.74664928891592,
            "bpp": 0.27016650260507713,
            "genetic_statistic": null,
            "t_dec": 29.580657482147217,
            "t_enc": 4132.553733348846
        },
        "avg_bpp": 0.27016650260507713,
        "avg_psnr": 37.74664928891592,
        "avg_t_dec": 29.580657482147217,
        "avg_t_enc": 4132.553733348846
    },
    "0.0278": {
        "DOG_4507": {
            "PSNR": 37.7017276523345,
            "bpp": 0.27012449179306214,
            "genetic_statistic": null,
            "t_dec": 26.225575923919678,
            "t_enc": 4073.9447231292725
        },
        "avg_bpp": 0.27012449179306214,
        "avg_psnr": 37.7017276523345,
        "avg_t_dec": 26.225575923919678,
        "avg_t_enc": 4073.9447231292725
    },
    "0.0359": {
        "DOG_4507": {
            "PSNR": 37.688009047292994,
            "bpp": 0.2701540768719459,
            "genetic_statistic": null,
            "t_dec": 22.778057098388672,
            "t_enc": 4297.754606485367
        },
        "avg_bpp": 0.2701540768719459,
        "avg_psnr": 37.688009047292994,
        "avg_t_dec": 22.778057098388672,
        "avg_t_enc": 4297.754606485367
    },
    "0.0464": {
        "DOG_4507": {
            "PSNR": 37.66004016377859,
            "bpp": 0.27014697645301383,
            "genetic_statistic": null,
            "t_dec": 21.45402503013611,
            "t_enc": 4228.683730125427
        },
        "avg_bpp": 0.27014697645301383,
        "avg_psnr": 37.66004016377859,
        "avg_t_dec": 21.45402503013611,
        "avg_t_enc": 4228.683730125427
    },
    "0.0599": {
        "DOG_4507": {
            "PSNR": 37.58555581548147,
            "bpp": 0.2700821851302583,
            "genetic_statistic": null,
            "t_dec": 16.435291528701782,
            "t_enc": 4143.841351747513
        },
        "avg_bpp": 0.2700821851302583,
        "avg_psnr": 37.58555581548147,
        "avg_t_dec": 16.435291528701782,
        "avg_t_enc": 4143.841351747513
    },
    "0.0774": {
        "DOG_4507": {
            "PSNR": 37.52320220448904,
            "bpp": 0.2700750847113262,
            "genetic_statistic": null,
            "t_dec": 14.000219583511353,
            "t_enc": 4071.6036055088043
        },
        "avg_bpp": 0.2700750847113262,
        "avg_psnr": 37.52320220448904,
        "avg_t_dec": 14.000219583511353,
        "avg_t_enc": 4071.6036055088043
    },
    "0.1": {
        "DOG_4507": {
            "PSNR": 37.48189737775259,
            "bpp": 0.27009816107285556,
            "genetic_statistic": null,
            "t_dec": 11.953547239303589,
            "t_enc": 3885.35467004776
        },
        "avg_bpp": 0.27009816107285556,
        "avg_psnr": 37.48189737775259,
        "avg_t_dec": 11.953547239303589,
        "avg_t_enc": 3885.35467004776
    },
    "100.0": {
        "DOG_4507": {
            "PSNR": 36.895061039709375,
            "bpp": 0.26997094523365517,
            "genetic_statistic": null,
            "t_dec": 4.087512969970703,
            "t_enc": 3475.8107137680054
        },
        "avg_bpp": 0.26997094523365517,
        "avg_psnr": 36.895061039709375,
        "avg_t_dec": 4.087512969970703,
        "avg_t_enc": 3475.8107137680054
    }
}