{
    "0.0": {
        "DOG_4507": {
            "PSNR": 37.805750870489405,
            "bpp": 0.27017567397953113,
            "genetic_statistic": null,
            "t_dec": 22.675965070724487,
            "t_enc": 2912.786200284958
        },
        "avg_bpp": 0.27017567397953113,
        "avg_psnr": 37.805750870489405,
        "avg_t_dec": 22.675965070724487,
        "avg_t_enc": 2912.786200284958
    },
    "0.012": {
        "DOG_4507": {
            "PSNR": 37.77489473798208,
            "bpp": 0.27021028852182516,
            "genetic_statistic": null,
            "t_dec": 16.082242488861084,
            "t_enc": 1745.8956098556519
        },
        "avg_bpp": 0.27021028852182516,
        "avg_psnr": 37.77489473798208,
        "avg_t_dec": 16.082242488861084,
        "avg_t_enc": 1745.8956098556519
    },
    "0.029": {
        "DOG_4507": {
            "PSNR": 37.7047257659667,
            "bpp": 0.27019401672843907,
            "genetic_statistic": null,
            "t_dec": 10.897640705108643,
            "t_enc": 1626.3479945659637
        },
        "avg_bpp": 0.27019401672843907,
        "avg_psnr": 37.7047257659667,
        "avg_t_dec": 10.897640705108643,
        "avg_t_enc": 1626.3479945659637
    },
    "0.05": {
        "DOG_4507": {
            "PSNR": 37.65003015973501,
            "bpp": 0.2701005278791663,
            "genetic_statistic": null,
            "t_dec": 8.872830390930176,
            "t_enc": 1550.2990891933441
        },
        "avg_bpp": 0.2701005278791663,
        "avg_psnr": 37.65003015973501,
        "avg_t_dec": 8.872830390930176,
        "avg_t_enc": 1550.2990891933441
    },
    "0.08": {
        "DOG_4507": {
            "PSNR": 37.56007959821157,
            "bpp": 0.27010289468547694,
            "genetic_statistic": null,
            "t_dec": 5.096145868301392,
            "t_enc": 1524.215027809143
        },
        "avg_bpp": 0.27010289468547694,
        "avg_psnr": 37.56007959821157,
        "avg_t_dec": 5.096145868301392,
        "avg_t_enc": 1524.215027809143
    },
    "0.125": {
        "DOG_4507": {
            "PSNR": 37.4671654937499,
            "bpp": 0.2699733120399659,
            "genetic_statistic": null,
            "t_dec": 6.0025646686553955,
            "t_enc": 1229.4630329608917
        },
        "avg_bpp": 0.2699733120399659,
        "avg_psnr": 37.4671654937499,
        "avg_t_dec": 6.0025646686553955,
        "avg_t_enc": 1229.4630329608917
    },
    "0.2": {
        "DOG_4507": {
            "PSNR": 37.13771154858999,
            "bpp": 0.270084551936569,
            "genetic_statistic": null,
            "t_dec": 2.2485857009887695,
            "t_enc": 1112.4290804862976
        },
        "avg_bpp": 0.270084551936569,
        "avg_psnr": 37.13771154858999,
        "avg_t_dec": 2.2485857009887695,
        "avg_t_enc": 1112.4290804862976
    },
    "0.35": {
        "DOG_4507": {
            "PSNR": 36.949148678564356,
            "bpp": 0.2700739013081708,
            "genetic_statistic": null,
            "t_dec": 1.6111314296722412,
            "t_enc": 1134.182088136673
        },
        "avg_bpp": 0.2700739013081708,
        "avg_psnr": 36.949148678564356,
        "avg_t_dec": 1.6111314296722412,
        "avg_t_enc": 1134.182088136673
    },
    "0.8": {
        "DOG_4507": {
            "PSNR": 36.9346480605834,
            "bpp": 0.27006088387346194,
            "genetic_statistic": null,
            "t_dec": 2.074979066848755,
            "t_enc": 1120.7347269058228
        },
        "avg_bpp": 0.27006088387346194,
        "avg_psnr": 36.9346480605834,
        "avg_t_dec": 2.074979066848755,
        "avg_t_enc": 1120.7347269058228
    },
    "100.0": {
        "DOG_4507": {
            "PSNR": 36.90471937634878,
            "bpp": 0.2699484605737035,
            "genetic_statistic": null,
            "t_dec": 1.5421473979949951,
            "t_enc": 1075.700362920761
        },
        "avg_bpp": 0.2699484605737035,
        "avg_psnr": 36.90471937634878,
        "avg_t_dec": 1.5421473979949951,
        "avg_t_enc": 1075.700362920761
    }
}