{
    "DOG_4507": {
        "PSNR": 37.16269185521536,
        "bpp": 0.26983722067710036,
        "genetic_statistic": null,
        "t_dec": 10.510791301727295,
        "t_enc": 605.0023818016052
    },
    "DSC07099": {
        "PSNR": 33.95022323110037,
        "bpp": 0.36934,
        "genetic_statistic": null,
        "t_dec": 8.594346284866333,
        "t_enc": 501.60092329978943
    },
    "DSC07705": {
        "PSNR": 34.556167626165674,
        "bpp": 0.5576226666666667,
        "genetic_statistic": null,
        "t_dec": 8.21474838256836,
        "t_enc": 508.3374354839325
    },
    "DSC08582": {
        "PSNR": 34.77773716428213,
        "bpp": 0.13748,
        "genetic_statistic": null,
        "t_dec": 6.111212253570557,
        "t_enc": 398.05957102775574
    },
    "DSC08626": {
        "PSNR": 40.71710457780294,
        "bpp": 0.10345466666666667,
        "genetic_statistic": null,
        "t_dec": 8.65621829032898,
        "t_enc": 497.0675735473633
    },
    "DSC08672": {
        "PSNR": 33.49346926190786,
        "bpp": 0.5289593752260395,
        "genetic_statistic": null,
        "t_dec": 8.330708503723145,
        "t_enc": 501.3131639957428
    },
    "DSC08796": {
        "PSNR": 33.27063252904348,
        "bpp": 0.9976506666666667,
        "genetic_statistic": null,
        "t_dec": 8.69949197769165,
        "t_enc": 762.3494870662689
    },
    "DSC08892": {
        "PSNR": 36.255070471548365,
        "bpp": 0.339068,
        "genetic_statistic": null,
        "t_dec": 7.99831485748291,
        "t_enc": 531.2360110282898
    },
    "DSC08902": {
        "PSNR": 37.54158308484487,
        "bpp": 0.1737839312627596,
        "genetic_statistic": null,
        "t_dec": 8.24363398551941,
        "t_enc": 620.5852851867676
    },
    "DSC08928": {
        "PSNR": 37.13113119580679,
        "bpp": 0.29022533333333334,
        "genetic_statistic": null,
        "t_dec": 6.447327136993408,
        "t_enc": 535.0850496292114
    },
    "DSC08936": {
        "PSNR": 38.74741365888052,
        "bpp": 0.14348266666666668,
        "genetic_statistic": null,
        "t_dec": 8.311841249465942,
        "t_enc": 634.793270111084
    },
    "DSC_3889": {
        "PSNR": 37.18539168813162,
        "bpp": 0.30034502661273227,
        "genetic_statistic": null,
        "t_dec": 10.612717390060425,
        "t_enc": 708.0426509380341
    },
    "IMG_1813": {
        "PSNR": 33.891308808111475,
        "bpp": 0.38084130527210885,
        "genetic_statistic": null,
        "t_dec": 10.952208280563354,
        "t_enc": 705.252480506897
    },
    "IMG_3227": {
        "PSNR": 39.04070904233389,
        "bpp": 0.11127072704081632,
        "genetic_statistic": null,
        "t_dec": 10.896897554397583,
        "t_enc": 804.9497575759888
    },
    "IMG_3261": {
        "PSNR": 40.19348909833364,
        "bpp": 0.1579162693531967,
        "genetic_statistic": null,
        "t_dec": 8.974284172058105,
        "t_enc": 678.864447593689
    },
    "IMG_3412": {
        "PSNR": 36.8326668975585,
        "bpp": 0.24770471151423532,
        "genetic_statistic": null,
        "t_dec": 7.115518093109131,
        "t_enc": 457.6149890422821
    },
    "IMG_3515": {
        "PSNR": 36.437721752905176,
        "bpp": 0.297328337585034,
        "genetic_statistic": null,
        "t_dec": 8.247318267822266,
        "t_enc": 627.0626378059387
    },
    "IMG_3799": {
        "PSNR": 38.03232004620962,
        "bpp": 0.18282578656462586,
        "genetic_statistic": null,
        "t_dec": 10.532921314239502,
        "t_enc": 648.7971243858337
    },
    "IMG_4684": {
        "PSNR": 37.6039378879302,
        "bpp": 0.28287149234693876,
        "genetic_statistic": null,
        "t_dec": 10.975409984588623,
        "t_enc": 695.9302306175232
    },
    "IMG_4700": {
        "PSNR": 35.14691522099905,
        "bpp": 0.6528151573129252,
        "genetic_statistic": null,
        "t_dec": 11.162226915359497,
        "t_enc": 874.3232204914093
    },
    "IMG_6726": {
        "PSNR": 36.9661467311614,
        "bpp": 0.19306388180272108,
        "genetic_statistic": null,
        "t_dec": 9.413356065750122,
        "t_enc": 648.732085943222
    },
    "IMG_7136": {
        "PSNR": 35.460042261862085,
        "bpp": 0.16170199805068225,
        "genetic_statistic": null,
        "t_dec": 6.476351737976074,
        "t_enc": 439.94739627838135
    },
    "IMG_8176": {
        "PSNR": 36.79270317532949,
        "bpp": 0.09960831207482994,
        "genetic_statistic": null,
        "t_dec": 10.726364135742188,
        "t_enc": 799.4300067424774
    },
    "IMG_8795": {
        "PSNR": 41.149617934011744,
        "bpp": 0.06140151912856489,
        "genetic_statistic": null,
        "t_dec": 11.453317165374756,
        "t_enc": 713.0008518695831
    },
    "avg_bpp": 0.29335829382605466,
    "avg_psnr": 36.76400813339485,
    "avg_t_dec": 9.069063554207483,
    "avg_t_enc": 620.724084665378
}