{"gen_score": [1.1977696515068814, 1.2842453255107884, 1.3446542914284194, 1.3471517518853062, 1.3654882228749798, 1.3761933592761793, 1.3761933592761793, 1.3995703290570418, 1.3995703290570418, 1.405374566043669, 1.405374566043669, 1.405374566043669, 1.4106088475212033, 1.4106088475212033, 1.4186517877666347, 1.4186517877666347, 1.4186517877666347, 1.4307577336358435, 1.4389200991787092, 1.4389200991787092, 1.4485460590692583, 1.4485460590692583, 1.4485460590692583, 1.4485460590692583, 1.4749281072003768, 1.4749281072003768, 1.4749281072003768, 1.4749281072003768, 1.4749281072003768, 1.4749281072003768, 1.4749281072003768, 1.4749281072003768, 1.4749281072003768, 1.479732164430004, 1.479732164430004, 1.4832872544036633, 1.4832872544036633, 1.4832872544036633, 1.493425925175579, 1.493425925175579, 1.5073140891356047, 1.5073140891356047, 1.5073140891356047, 1.5134689326159503, 1.5134689326159503, 1.5134689326159503, 1.5134689326159503, 1.5134689326159503, 1.5134689326159503, 1.5191715138108037, 1.5191715138108037, 1.5268454463541872, 1.5268454463541872, 1.5477275385462548, 1.5477275385462548, 1.5477275385462548, 1.5477275385462548, 1.5477275385462548, 1.551280014368814, 1.551280014368814, 1.551280014368814, 1.551280014368814, 1.551280014368814, 1.551280014368814, 1.551280014368814, 1.551280014368814, 1.551280014368814, 1.551280014368814, 1.551280014368814, 1.551280014368814, 1.551280014368814, 1.551280014368814, 1.555500686211488, 1.5564868113126167, 1.5564868113126167, 1.5564868113126167, 1.560805719841838, 1.560805719841838, 1.560805719841838, 1.560805719841838, 1.560805719841838, 1.5659090542872534, 1.5659090542872534, 1.5659090542872534, 1.5659090542872534, 1.5659090542872534, 1.5659090542872534, 1.5659090542872534, 1.5659090542872534, 1.5659090542872534, 1.5659090542872534, 1.5659090542872534, 1.5659090542872534, 1.5659090542872534, 1.5659090542872534, 1.5659090542872534, 1.5659090542872534, 1.5705190090712833, 1.5705190090712833, 1.5705190090712833], "gen_psnr": [38.698593014664276, 38.82845634554711, 38.82208225162631, 38.818064373391316, 38.775974842513186, 38.871536476379745, 38.871536476379745, 38.857944715006106, 38.857944715006106, 38.9070119077624, 38.9070119077624, 38.9070119077624, 38.880959572749966, 38.880959572749966, 38.885013867984306, 38.885013867984306, 38.885013867984306, 38.87823500093453, 38.91046105986535, 38.91046105986535, 38.91991426869605, 38.91991426869605, 38.91991426869605, 38.91991426869605, 38.904452793141104, 38.904452793141104, 38.904452793141104, 38.904452793141104, 38.904452793141104, 38.904452793141104, 38.904452793141104, 38.904452793141104, 38.904452793141104, 38.93919225713178, 38.93919225713178, 38.93066159118556, 38.93066159118556, 38.93066159118556, 38.92912210017614, 38.92912210017614, 38.942928933651324, 38.942928933651324, 38.942928933651324, 38.89423567488386, 38.89423567488386, 38.89423567488386, 38.89423567488386, 38.89423567488386, 38.89423567488386, 38.99091240665506, 38.99091240665506, 38.974278824375915, 38.974278824375915, 38.97079762522855, 38.97079762522855, 38.97079762522855, 38.97079762522855, 38.97079762522855, 38.98642980195666, 38.98642980195666, 38.98642980195666, 38.98642980195666, 38.98642980195666, 38.98642980195666, 38.98642980195666, 38.98642980195666, 38.98642980195666, 38.98642980195666, 38.98642980195666, 38.98642980195666, 38.98642980195666, 38.98642980195666, 38.948700148139864, 38.9671393751519, 38.9671393751519, 38.9671393751519, 38.971817109942606, 38.971817109942606, 38.971817109942606, 38.971817109942606, 38.971817109942606, 38.9648643547524, 38.9648643547524, 38.9648643547524, 38.9648643547524, 38.9648643547524, 38.9648643547524, 38.9648643547524, 38.9648643547524, 38.9648643547524, 38.9648643547524, 38.9648643547524, 38.9648643547524, 38.9648643547524, 38.9648643547524, 38.9648643547524, 38.9648643547524, 38.98787486531923, 38.98787486531923, 38.98787486531923], "gen_time": [14.957145182867484, 16.453271282140843, 14.150407149781195, 13.925740298336956, 11.842085061516125, 14.768171181011404, 14.768171181011404, 13.493387348097462, 13.493387348097462, 14.985213409120552, 14.985213409120552, 14.985213409120552, 13.906364564638727, 13.906364564638727, 13.768825081497669, 13.768825081497669, 13.768825081497669, 13.117624636015588, 13.947407166634395, 13.947407166634395, 13.941450233536255, 13.941450233536255, 13.941450233536255, 13.941450233536255, 12.498570106430705, 12.498570106430705, 12.498570106430705, 12.498570106430705, 12.498570106430705, 12.498570106430705, 12.498570106430705, 12.498570106430705, 12.498570106430705, 13.530825511984045, 13.530825511984045, 13.114075307850287, 13.114075307850287, 13.114075307850287, 12.711380074010917, 12.711380074010917, 12.708575574533839, 12.708575574533839, 12.708575574533839, 10.817261703919698, 10.817261703919698, 10.817261703919698, 10.817261703919698, 10.817261703919698, 10.817261703919698, 13.954301378966301, 13.954301378966301, 13.116111212672017, 13.116111212672017, 12.275997718208943, 12.275997718208943, 12.275997718208943, 12.275997718208943, 12.275997718208943, 12.692539128745052, 12.692539128745052, 12.692539128745052, 12.692539128745052, 12.692539128745052, 12.692539128745052, 12.692539128745052, 12.692539128745052, 12.692539128745052, 12.692539128745052, 12.692539128745052, 12.692539128745052, 12.692539128745052, 12.692539128745052, 11.245976174970346, 11.847807275346495, 11.847807275346495, 11.847807275346495, 11.860180594707957, 11.860180594707957, 11.860180594707957, 11.860180594707957, 11.860180594707957, 11.444453365893423, 11.444453365893423, 11.444453365893423, 11.444453365893423, 11.444453365893423, 11.444453365893423, 11.444453365893423, 11.444453365893423, 11.444453365893423, 11.444453365893423, 11.444453365893423, 11.444453365893423, 11.444453365893423, 11.444453365893423, 11.444453365893423, 11.444453365893423, 12.078955289438204, 12.078955289438204, 12.078955289438204]}