{"gen_score": [1.798182029936335, 1.798182029936335, 1.798182029936335, 1.798182029936335, 1.798182029936335, 1.798182029936335, 1.798182029936335, 1.798182029936335, 1.7982330495595207, 1.7982330495595207, 1.7982330495595207, 1.7982330495595207, 1.7982330495595207, 1.7982330495595207, 1.7982330495595207, 1.7982330495595207, 1.7982330495595207, 1.7982330495595207, 1.7982330495595207, 1.7982330495595207, 1.7982330495595207, 1.7982330495595207, 1.7982330495595207, 1.7982330495595207, 1.7982330495595207, 1.7982330495595207, 1.7982330495595207, 1.7982330495595207, 1.7982330495595207, 1.7982330495595207, 1.7982330495595207, 1.7982330495595207, 1.7982330495595207, 1.7982330495595207, 1.7982330495595207, 1.7982330495595207, 1.7982330495595207, 1.7982330495595207, 1.7982330495595207, 1.7982330495595207, 1.7982330495595207, 1.7982330495595207, 1.7982330495595207, 1.7982330495595207, 1.7982330495595207, 1.7982330495595207, 1.7982330495595207, 1.8002676484387834, 1.8002676484387834, 1.8002676484387834, 1.8002676484387834, 1.8002676484387834, 1.8002676484387834, 1.8002676484387834, 1.8002676484387834, 1.8002676484387834, 1.8002676484387834, 1.8002676484387834, 1.8002676484387834, 1.8002676484387834, 1.8002676484387834, 1.8002676484387834, 1.8002676484387834, 1.8002676484387834, 1.8002676484387834, 1.8002676484387834, 1.8002676484387834, 1.8002676484387834, 1.8002676484387834, 1.8002676484387834, 1.8002676484387834, 1.8002676484387834, 1.8002676484387834, 1.8020594698735835, 1.8020594698735835, 1.8020594698735835, 1.8020594698735835, 1.8020594698735835, 1.8020594698735835, 1.8020594698735835, 1.8020594698735835, 1.8020594698735835, 1.8020594698735835, 1.8020594698735835, 1.8020594698735835, 1.8020594698735835, 1.8020594698735835, 1.8020594698735835, 1.8020594698735835, 1.8020594698735835, 1.8020594698735835, 1.8020594698735835, 1.8020594698735835, 1.8020594698735835, 1.8020594698735835, 1.8020594698735835, 1.8020594698735835, 1.8020594698735835, 1.8020594698735835, 1.8020594698735835], "gen_psnr": [39.06160780580397, 39.06160780580397, 39.06160780580397, 39.06160780580397, 39.06160780580397, 39.06160780580397, 39.06160780580397, 39.06160780580397, 39.06166288854616, 39.06166288854616, 39.06166288854616, 39.06166288854616, 39.06166288854616, 39.06166288854616, 39.06166288854616, 39.06166288854616, 39.06166288854616, 39.06166288854616, 39.06166288854616, 39.06166288854616, 39.06166288854616, 39.06166288854616, 39.06166288854616, 39.06166288854616, 39.06166288854616, 39.06166288854616, 39.06166288854616, 39.06166288854616, 39.06166288854616, 39.06166288854616, 39.06166288854616, 39.06166288854616, 39.06166288854616, 39.06166288854616, 39.06166288854616, 39.06166288854616, 39.06166288854616, 39.06166288854616, 39.06166288854616, 39.06166288854616, 39.06166288854616, 39.06166288854616, 39.06166288854616, 39.06166288854616, 39.06166288854616, 39.06166288854616, 39.06166288854616, 39.06404683485894, 39.06404683485894, 39.06404683485894, 39.06404683485894, 39.06404683485894, 39.06404683485894, 39.06404683485894, 39.06404683485894, 39.06404683485894, 39.06404683485894, 39.06404683485894, 39.06404683485894, 39.06404683485894, 39.06404683485894, 39.06404683485894, 39.06404683485894, 39.06404683485894, 39.06404683485894, 39.06404683485894, 39.06404683485894, 39.06404683485894, 39.06404683485894, 39.06404683485894, 39.06404683485894, 39.06404683485894, 39.06404683485894, 39.06607842844206, 39.06607842844206, 39.06607842844206, 39.06607842844206, 39.06607842844206, 39.06607842844206, 39.06607842844206, 39.06607842844206, 39.06607842844206, 39.06607842844206, 39.06607842844206, 39.06607842844206, 39.06607842844206, 39.06607842844206, 39.06607842844206, 39.06607842844206, 39.06607842844206, 39.06607842844206, 39.06607842844206, 39.06607842844206, 39.06607842844206, 39.06607842844206, 39.06607842844206, 39.06607842844206, 39.06607842844206, 39.06607842844206, 39.06607842844206], "gen_time": [0.2983027685690146, 0.2983027685690146, 0.2983027685690146, 0.2983027685690146, 0.2983027685690146, 0.2983027685690146, 0.2983027685690146, 0.2983027685690146, 0.29830683168801425, 0.29830683168801425, 0.29830683168801425, 0.29830683168801425, 0.29830683168801425, 0.29830683168801425, 0.29830683168801425, 0.29830683168801425, 0.29830683168801425, 0.29830683168801425, 0.29830683168801425, 0.29830683168801425, 0.29830683168801425, 0.29830683168801425, 0.29830683168801425, 0.29830683168801425, 0.29830683168801425, 0.29830683168801425, 0.29830683168801425, 0.29830683168801425, 0.29830683168801425, 0.29830683168801425, 0.29830683168801425, 0.29830683168801425, 0.29830683168801425, 0.29830683168801425, 0.29830683168801425, 0.29830683168801425, 0.29830683168801425, 0.29830683168801425, 0.29830683168801425, 0.29830683168801425, 0.29830683168801425, 0.29830683168801425, 0.29830683168801425, 0.29830683168801425, 0.29830683168801425, 0.29830683168801425, 0.29830683168801425, 0.29865617912153525, 0.29865617912153525, 0.29865617912153525, 0.29865617912153525, 0.29865617912153525, 0.29865617912153525, 0.29865617912153525, 0.29865617912153525, 0.29865617912153525, 0.29865617912153525, 0.29865617912153525, 0.29865617912153525, 0.29865617912153525, 0.29865617912153525, 0.29865617912153525, 0.29865617912153525, 0.29865617912153525, 0.29865617912153525, 0.29865617912153525, 0.29865617912153525, 0.29865617912153525, 0.29865617912153525, 0.29865617912153525, 0.29865617912153525, 0.29865617912153525, 0.29865617912153525, 0.2988959512698588, 0.2988959512698588, 0.2988959512698588, 0.2988959512698588, 0.2988959512698588, 0.2988959512698588, 0.2988959512698588, 0.2988959512698588, 0.2988959512698588, 0.2988959512698588, 0.2988959512698588, 0.2988959512698588, 0.2988959512698588, 0.2988959512698588, 0.2988959512698588, 0.2988959512698588, 0.2988959512698588, 0.2988959512698588, 0.2988959512698588, 0.2988959512698588, 0.2988959512698588, 0.2988959512698588, 0.2988959512698588, 0.2988959512698588, 0.2988959512698588, 0.2988959512698588, 0.2988959512698588]}