{"gen_score": [1.1985310366526178, 1.355358323405973, 1.3828118658626138, 1.4114360447307988, 1.4203982558009045, 1.4422491567772866, 1.4677842644895946, 1.4677842644895946, 1.471329038624262, 1.4841036097968683, 1.4841036097968683, 1.487176003535744, 1.488945362854352, 1.4953791689465774, 1.4953791689465774, 1.5075197128246884, 1.5075197128246884, 1.508283820695162, 1.514401577093082, 1.514401577093082, 1.5170905331987683, 1.534301014824372, 1.534301014824372, 1.5369377458972124, 1.5422005904107579, 1.5422005904107579, 1.5422005904107579, 1.5422005904107579, 1.5422005904107579, 1.5422005904107579, 1.5510971553326485, 1.5510971553326485, 1.5510971553326485, 1.5510971553326485, 1.5510971553326485, 1.556497016836289, 1.556497016836289, 1.556497016836289, 1.5606271903465156, 1.5606271903465156, 1.5606271903465156, 1.5606271903465156, 1.5606271903465156, 1.5606271903465156, 1.5606271903465156, 1.5606271903465156, 1.5606271903465156, 1.5606271903465156, 1.5606271903465156, 1.5617249450046202, 1.5617249450046202, 1.5617249450046202, 1.5617249450046202, 1.5647722052822601, 1.5647722052822601, 1.5647722052822601, 1.5647722052822601, 1.5662819292486887, 1.5662819292486887, 1.5662819292486887, 1.5662819292486887, 1.5662819292486887, 1.5662819292486887, 1.5662819292486887, 1.5662819292486887, 1.566288351394192, 1.566594121355429, 1.566594121355429, 1.566594121355429, 1.566594121355429, 1.566775680741607, 1.568737209121366, 1.568737209121366, 1.568737209121366, 1.568737209121366, 1.568737209121366, 1.569892539148178, 1.569892539148178, 1.569892539148178, 1.569892539148178, 1.569892539148178, 1.569892539148178, 1.569892539148178, 1.569892539148178, 1.5699663205669552, 1.5699663205669552, 1.5699663205669552, 1.5699663205669552, 1.5699663205669552, 1.5699663205669552, 1.5699663205669552, 1.5699663205669552, 1.5699663205669552, 1.5699663205669552, 1.5699663205669552, 1.5699663205669552, 1.5705175313522872, 1.5705175313522872, 1.5705175313522872, 1.5705175313522872], "gen_psnr": [38.74412003444295, 38.91961039501132, 38.864476301739565, 38.89236198357372, 38.90227001812312, 38.87620011163823, 38.937702322605695, 38.937702322605695, 38.94010593106983, 38.906024830887745, 38.906024830887745, 38.90293732299577, 38.95790428011432, 38.97093013938814, 38.97093013938814, 38.95365112470302, 38.95365112470302, 38.9601141272511, 38.936079299482806, 38.936079299482806, 38.94476386397876, 38.92614678387918, 38.92614678387918, 38.96416485807464, 38.96944439591464, 38.96944439591464, 38.96944439591464, 38.96944439591464, 38.96944439591464, 38.96944439591464, 38.973268546089095, 38.973268546089095, 38.973268546089095, 38.973268546089095, 38.973268546089095, 38.97251958486177, 38.97251958486177, 38.97251958486177, 38.97048467418563, 38.97048467418563, 38.97048467418563, 38.97048467418563, 38.97048467418563, 38.97048467418563, 38.97048467418563, 38.97048467418563, 38.97048467418563, 38.97048467418563, 38.97048467418563, 38.97202693395271, 38.97202693395271, 38.97202693395271, 38.97202693395271, 38.99288383446845, 38.99288383446845, 38.99288383446845, 38.99288383446845, 38.98204261088345, 38.98204261088345, 38.98204261088345, 38.98204261088345, 38.98204261088345, 38.98204261088345, 38.98204261088345, 38.98204261088345, 38.97620797217054, 38.98853496449994, 38.98853496449994, 38.98853496449994, 38.98853496449994, 38.98249941160032, 38.990850977343065, 38.990850977343065, 38.990850977343065, 38.990850977343065, 38.990850977343065, 38.97998676369767, 38.97998676369767, 38.97998676369767, 38.97998676369767, 38.97998676369767, 38.97998676369767, 38.97998676369767, 38.97998676369767, 38.99196934589931, 38.99196934589931, 38.99196934589931, 38.99196934589931, 38.99196934589931, 38.99196934589931, 38.99196934589931, 38.99196934589931, 38.99196934589931, 38.99196934589931, 38.99196934589931, 38.99196934589931, 38.98656554203716, 38.98656554203716, 38.98656554203716, 38.98656554203716], "gen_time": [16.500787756416972, 17.144342025900308, 14.29649251802464, 14.271027103058087, 14.30364170579218, 12.651200069196673, 13.89144500902966, 13.89144500902966, 13.852094468666616, 12.236381663332246, 12.236381663332246, 12.02397126226842, 13.858371186404382, 14.085683365079989, 14.085683365079989, 13.071215828417053, 13.071215828417053, 13.26772943798979, 12.227985156395974, 12.227985156395974, 12.434730273301797, 11.199297110364544, 11.199297110364544, 12.419343424937598, 12.419919056884389, 12.419919056884389, 12.419919056884389, 12.419919056884389, 12.419919056884389, 12.419919056884389, 12.245008203524492, 12.245008203524492, 12.245008203524492, 12.245008203524492, 12.245008203524492, 12.032979833491288, 12.032979833491288, 12.032979833491288, 11.820390723616349, 11.820390723616349, 11.820390723616349, 11.820390723616349, 11.820390723616349, 11.820390723616349, 11.820390723616349, 11.820390723616349, 11.820390723616349, 11.820390723616349, 11.820390723616349, 11.835718485995004, 11.835718485995004, 11.835718485995004, 11.835718485995004, 12.449844011446753, 12.449844011446753, 12.449844011446753, 12.449844011446753, 12.023949268293848, 12.023949268293848, 12.023949268293848, 12.023949268293848, 12.023949268293848, 12.023949268293848, 12.023949268293848, 12.023949268293848, 11.822533376624493, 12.237058285871386, 12.237058285871386, 12.237058285871386, 12.237058285871386, 12.022675103602552, 12.24302121956751, 12.24302121956751, 12.24302121956751, 12.24302121956751, 12.24302121956751, 11.828554196387945, 11.828554196387945, 11.828554196387945, 11.828554196387945, 11.828554196387945, 11.828554196387945, 11.828554196387945, 11.828554196387945, 12.23920249924517, 12.23920249924517, 12.23920249924517, 12.23920249924517, 12.23920249924517, 12.23920249924517, 12.23920249924517, 12.23920249924517, 12.23920249924517, 12.23920249924517, 12.23920249924517, 12.23920249924517, 12.033857166573629, 12.033857166573629, 12.033857166573629, 12.033857166573629]}