{"gen_score": [1.1813944793430622, 1.36819825451294, 1.397691340677568, 1.4047368893110743, 1.4291111141869948, 1.4509704503176053, 1.4563336975477483, 1.4607534542938296, 1.4697586886717033, 1.4697586886717033, 1.478628206898314, 1.4944078083869812, 1.4958096202049944, 1.5088875838567333, 1.5088875838567333, 1.5088875838567333, 1.5116553719657588, 1.5116553719657588, 1.5131597522805649, 1.5131597522805649, 1.5163944799442532, 1.5252989288347436, 1.5252989288347436, 1.525858141199599, 1.525858141199599, 1.525858141199599, 1.525858141199599, 1.5272178629303426, 1.5272178629303426, 1.5272178629303426, 1.5272178629303426, 1.535175878654215, 1.535175878654215, 1.535175878654215, 1.535175878654215, 1.5383089224548456, 1.5383089224548456, 1.5383089224548456, 1.5383089224548456, 1.5383089224548456, 1.539406911566779, 1.5417637530780581, 1.5417637530780581, 1.5417637530780581, 1.5417637530780581, 1.5417637530780581, 1.5417637530780581, 1.5417637530780581, 1.5417637530780581, 1.5417637530780581, 1.5417637530780581, 1.5417782505166073, 1.5434111103830404, 1.5434141064239952, 1.5439244250077166, 1.5439244250077166, 1.5439244250077166, 1.5445121361977243, 1.5445121361977243, 1.5445121361977243, 1.5445121361977243, 1.5445121361977243, 1.5445121361977243, 1.5445121361977243, 1.5445121361977243, 1.5445597586370141, 1.5451126639260053, 1.5456013561608088, 1.5456013561608088, 1.5456013561608088, 1.5456013561608088, 1.5457515171269236, 1.5457515171269236, 1.5457515171269236, 1.5457515171269236, 1.5458606273497892, 1.546116299410727, 1.546116299410727, 1.546116299410727, 1.546116299410727, 1.546116299410727, 1.546116299410727, 1.546720116586748, 1.546720116586748, 1.546720116586748, 1.546720116586748, 1.546720116586748, 1.5467845574310672, 1.5467845574310672, 1.5467845574310672, 1.5467845574310672, 1.5471020717123025, 1.5471020717123025, 1.5471020717123025, 1.5471020717123025, 1.5471020717123025, 1.5471020717123025, 1.5471020717123025, 1.547252768181238, 1.547252768181238], "gen_psnr": [38.643410878296216, 38.884608985921226, 38.9260488713908, 38.87685986326289, 38.92797728224664, 38.956013964135074, 38.925446697103474, 38.92400231307961, 38.939168302843115, 38.939168302843115, 38.924156874199895, 38.940060543363415, 38.94719187115268, 38.94874819412455, 38.94874819412455, 38.94874819412455, 38.92746931779005, 38.92746931779005, 38.965247349179315, 38.965247349179315, 38.94408651853012, 38.92914896714065, 38.92914896714065, 38.94738323929444, 38.94738323929444, 38.94738323929444, 38.94738323929444, 38.94918353425985, 38.94918353425985, 38.94918353425985, 38.94918353425985, 38.96926866791603, 38.96926866791603, 38.96926866791603, 38.96926866791603, 38.97173385238796, 38.97173385238796, 38.97173385238796, 38.97173385238796, 38.97173385238796, 38.95543589381897, 38.951608480867215, 38.951608480867215, 38.951608480867215, 38.951608480867215, 38.951608480867215, 38.951608480867215, 38.951608480867215, 38.951608480867215, 38.951608480867215, 38.951608480867215, 38.963374503392075, 38.971151306551064, 38.96545438103185, 38.965784344682916, 38.965784344682916, 38.965784344682916, 38.966501819022824, 38.966501819022824, 38.966501819022824, 38.966501819022824, 38.966501819022824, 38.966501819022824, 38.966501819022824, 38.966501819022824, 38.972392513169396, 38.98514096219973, 38.97353880280421, 38.97353880280421, 38.97353880280421, 38.97353880280421, 38.973836151451266, 38.973836151451266, 38.973836151451266, 38.973836151451266, 38.97370117680546, 38.97393794897506, 38.97393794897506, 38.97393794897506, 38.97393794897506, 38.97393794897506, 38.97393794897506, 38.97490755031272, 38.97490755031272, 38.97490755031272, 38.97490755031272, 38.97490755031272, 38.97497641931892, 38.97497641931892, 38.97497641931892, 38.97497641931892, 38.98121924944784, 38.98121924944784, 38.98121924944784, 38.98121924944784, 38.98121924944784, 38.98121924944784, 38.98121924944784, 38.96908646332935, 38.96908646332935], "gen_time": [13.618974003410758, 15.49464063979483, 15.906599236516954, 13.967476589571431, 14.889655696738094, 15.102667619421656, 13.863684369016877, 13.661472618329016, 13.873912459212763, 13.873912459212763, 13.050431532666943, 13.054709728351668, 13.252279244601707, 12.854981290123247, 12.854981290123247, 12.854981290123247, 12.02578596448451, 12.02578596448451, 13.276601518776305, 13.276601518776305, 12.435375370056105, 11.61323742936789, 11.61323742936789, 12.222722249675929, 12.222722249675929, 12.222722249675929, 12.222722249675929, 12.237914430181808, 12.237914430181808, 12.237914430181808, 12.237914430181808, 12.656090910606236, 12.656090910606236, 12.656090910606236, 12.656090910606236, 12.633061278581927, 12.633061278581927, 12.633061278581927, 12.633061278581927, 12.633061278581927, 12.0332010137226, 11.819950859824845, 11.819950859824845, 11.819950859824845, 11.819950859824845, 11.819950859824845, 11.819950859824845, 11.819950859824845, 11.819950859824845, 11.819950859824845, 11.819950859824845, 12.225175862801102, 12.437035976337526, 12.240486957021133, 12.234267821412551, 12.234267821412551, 12.234267821412551, 12.238742412788302, 12.238742412788302, 12.238742412788302, 12.238742412788302, 12.238742412788302, 12.238742412788302, 12.238742412788302, 12.238742412788302, 12.440227644073937, 12.860763635154617, 12.443837716867572, 12.443837716867572, 12.443837716867572, 12.443837716867572, 12.448913154141474, 12.448913154141474, 12.448913154141474, 12.448913154141474, 12.440496434532196, 12.439844714141367, 12.439844714141367, 12.439844714141367, 12.439844714141367, 12.439844714141367, 12.439844714141367, 12.452457961094314, 12.452457961094314, 12.452457961094314, 12.452457961094314, 12.452457961094314, 12.452610656331581, 12.452610656331581, 12.452610656331581, 12.452610656331581, 12.65693189245853, 12.65693189245853, 12.65693189245853, 12.65693189245853, 12.65693189245853, 12.65693189245853, 12.65693189245853, 12.23336352737475, 12.23336352737475]}