{
  "name": "output/output_json/arch:EVC_LL_ckpt:EVC_LL.pth.tar.json",
  "kodak": {
    "bpp": [
      0.329495,
      0.499335,
      0.736220,
      0.983402
    ],
    "psnr": [
      32.475728,
      34.449950,
      36.451904,
      37.865090
    ]
  }
}