{"gen_score": [-528.9150243176382, -528.0633842259757, -527.6104360850898, -527.6104360850898, -527.3311016467767, -527.3311016467767, -527.3311016467767, -527.3311016467767, -527.3311016467767, -527.3311016467767, -527.3311016467767, -527.3311016467767, -527.3311016467767, -527.3311016467767, -527.3311016467767, -527.3311016467767, -527.3311016467767, -527.3311016467767, -527.3311016467767, -527.3311016467767, -527.0223352490477, -527.0223352490477, -527.0223352490477, -527.0223352490477, -527.0223352490477, -527.0223352490477, -527.0223352490477, -527.0223352490477, -527.0223352490477, -527.0223352490477, -527.0223352490477, -527.0223352490477, -527.0223352490477, -527.0223352490477, -527.0223352490477, -527.0223352490477, -527.0223352490477, -527.0223352490477, -527.0223352490477, -527.0223352490477, -527.0223352490477, -527.0223352490477, -527.0223352490477, -527.0223352490477, -527.0223352490477, -527.0223352490477, -527.0223352490477, -527.0223352490477, -527.0223352490477, -527.0223352490477, -527.0223352490477, -527.0223352490477, -527.0223352490477, -527.0223352490477, -527.0223352490477, -527.0223352490477, -527.0223352490477, -527.0223352490477, -527.0223352490477, -527.0223352490477, -527.0223352490477, -527.0223352490477, -527.0223352490477, -527.0223352490477, -527.0223352490477, -527.0223352490477, -527.0223352490477, -527.0223352490477, -527.0223352490477, -527.0223352490477, -527.0223352490477, -527.0223352490477, -527.0223352490477, -527.0223352490477, -527.0223352490477, -527.0223352490477, -527.0223352490477, -527.0223352490477, -527.0223352490477, -527.0223352490477, -527.0223352490477, -527.0223352490477, -527.0223352490477, -527.0223352490477, -527.0223352490477, -527.0223352490477, -527.0223352490477, -527.0223352490477, -527.0223352490477, -527.0223352490477, -527.0223352490477, -527.0223352490477, -527.0223352490477, -527.0223352490477, -527.0223352490477, -527.0223352490477, -527.0223352490477, -527.0223352490477, -527.0223352490477, -527.0223352490477], "gen_psnr": [37.83299255239932, 37.11786322726486, 37.18006365601456, 37.18006365601456, 36.789776565453906, 36.789776565453906, 36.789776565453906, 36.789776565453906, 36.789776565453906, 36.789776565453906, 36.789776565453906, 36.789776565453906, 36.789776565453906, 36.789776565453906, 36.789776565453906, 36.789776565453906, 36.789776565453906, 36.789776565453906, 36.789776565453906, 36.789776565453906, 36.72219298094204, 36.72219298094204, 36.72219298094204, 36.72219298094204, 36.72219298094204, 36.72219298094204, 36.72219298094204, 36.72219298094204, 36.72219298094204, 36.72219298094204, 36.72219298094204, 36.72219298094204, 36.72219298094204, 36.72219298094204, 36.72219298094204, 36.72219298094204, 36.72219298094204, 36.72219298094204, 36.72219298094204, 36.72219298094204, 36.72219298094204, 36.72219298094204, 36.72219298094204, 36.72219298094204, 36.72219298094204, 36.72219298094204, 36.72219298094204, 36.72219298094204, 36.72219298094204, 36.72219298094204, 36.72219298094204, 36.72219298094204, 36.72219298094204, 36.72219298094204, 36.72219298094204, 36.72219298094204, 36.72219298094204, 36.72219298094204, 36.72219298094204, 36.72219298094204, 36.72219298094204, 36.72219298094204, 36.72219298094204, 36.72219298094204, 36.72219298094204, 36.72219298094204, 36.72219298094204, 36.72219298094204, 36.72219298094204, 36.72219298094204, 36.72219298094204, 36.72219298094204, 36.72219298094204, 36.72219298094204, 36.72219298094204, 36.72219298094204, 36.72219298094204, 36.72219298094204, 36.72219298094204, 36.72219298094204, 36.72219298094204, 36.72219298094204, 36.72219298094204, 36.72219298094204, 36.72219298094204, 36.72219298094204, 36.72219298094204, 36.72219298094204, 36.72219298094204, 36.72219298094204, 36.72219298094204, 36.72219298094204, 36.72219298094204, 36.72219298094204, 36.72219298094204, 36.72219298094204, 36.72219298094204, 36.72219298094204, 36.72219298094204, 36.72219298094204], "gen_time": [0.053079574786348144, 0.05292289784466844, 0.05288382307345482, 0.05288382307345482, 0.05281686092056745, 0.05281686092056745, 0.05281686092056745, 0.05281686092056745, 0.05281686092056745, 0.05281686092056745, 0.05281686092056745, 0.05281686092056745, 0.05281686092056745, 0.05281686092056745, 0.05281686092056745, 0.05281686092056745, 0.05281686092056745, 0.05281686092056745, 0.05281686092056745, 0.05281686092056745, 0.05277922592234337, 0.05277922592234337, 0.05277922592234337, 0.05277922592234337, 0.05277922592234337, 0.05277922592234337, 0.05277922592234337, 0.05277922592234337, 0.05277922592234337, 0.05277922592234337, 0.05277922592234337, 0.05277922592234337, 0.05277922592234337, 0.05277922592234337, 0.05277922592234337, 0.05277922592234337, 0.05277922592234337, 0.05277922592234337, 0.05277922592234337, 0.05277922592234337, 0.05277922592234337, 0.05277922592234337, 0.05277922592234337, 0.05277922592234337, 0.05277922592234337, 0.05277922592234337, 0.05277922592234337, 0.05277922592234337, 0.05277922592234337, 0.05277922592234337, 0.05277922592234337, 0.05277922592234337, 0.05277922592234337, 0.05277922592234337, 0.05277922592234337, 0.05277922592234337, 0.05277922592234337, 0.05277922592234337, 0.05277922592234337, 0.05277922592234337, 0.05277922592234337, 0.05277922592234337, 0.05277922592234337, 0.05277922592234337, 0.05277922592234337, 0.05277922592234337, 0.05277922592234337, 0.05277922592234337, 0.05277922592234337, 0.05277922592234337, 0.05277922592234337, 0.05277922592234337, 0.05277922592234337, 0.05277922592234337, 0.05277922592234337, 0.05277922592234337, 0.05277922592234337, 0.05277922592234337, 0.05277922592234337, 0.05277922592234337, 0.05277922592234337, 0.05277922592234337, 0.05277922592234337, 0.05277922592234337, 0.05277922592234337, 0.05277922592234337, 0.05277922592234337, 0.05277922592234337, 0.05277922592234337, 0.05277922592234337, 0.05277922592234337, 0.05277922592234337, 0.05277922592234337, 0.05277922592234337, 0.05277922592234337, 0.05277922592234337, 0.05277922592234337, 0.05277922592234337, 0.05277922592234337, 0.05277922592234337]}