{
    "DOG_4507": {
        "PSNR": 37.00179984548025,
        "bpp": 0.27008810214603507,
        "genetic_statistic": null,
        "t_dec": 1.4698052406311035,
        "t_enc": 324.52770042419434
    },
    "DSC07099": {
        "PSNR": 33.842918181204126,
        "bpp": 0.36933466666666664,
        "genetic_statistic": null,
        "t_dec": 1.2371697425842285,
        "t_enc": 282.05578231811523
    },
    "DSC07705": {
        "PSNR": 34.443644785665796,
        "bpp": 0.557936,
        "genetic_statistic": null,
        "t_dec": 1.455345630645752,
        "t_enc": 291.0653626918793
    },
    "DSC08582": {
        "PSNR": 34.72940018155508,
        "bpp": 0.13754533333333333,
        "genetic_statistic": null,
        "t_dec": 1.3670461177825928,
        "t_enc": 261.2314693927765
    },
    "DSC08626": {
        "PSNR": 40.61637511231832,
        "bpp": 0.103484,
        "genetic_statistic": null,
        "t_dec": 1.4631602764129639,
        "t_enc": 267.1497914791107
    },
    "DSC08672": {
        "PSNR": 33.40285947301321,
        "bpp": 0.5290734562913315,
        "genetic_statistic": null,
        "t_dec": 1.2337596416473389,
        "t_enc": 282.3938159942627
    },
    "DSC08796": {
        "PSNR": 33.195428156637476,
        "bpp": 0.997864,
        "genetic_statistic": null,
        "t_dec": 1.3987224102020264,
        "t_enc": 299.05478835105896
    },
    "DSC08892": {
        "PSNR": 36.06408407666616,
        "bpp": 0.339552,
        "genetic_statistic": null,
        "t_dec": 1.2144827842712402,
        "t_enc": 265.60978412628174
    },
    "DSC08902": {
        "PSNR": 37.064582609915064,
        "bpp": 0.17364767288792599,
        "genetic_statistic": null,
        "t_dec": 1.2011923789978027,
        "t_enc": 263.0001428127289
    },
    "DSC08928": {
        "PSNR": 36.87527825810842,
        "bpp": 0.290516,
        "genetic_statistic": null,
        "t_dec": 1.2570772171020508,
        "t_enc": 271.2493863105774
    },
    "DSC08936": {
        "PSNR": 38.482959770941065,
        "bpp": 0.143504,
        "genetic_statistic": null,
        "t_dec": 1.3268678188323975,
        "t_enc": 259.67168283462524
    },
    "DSC_3889": {
        "PSNR": 36.85965588071279,
        "bpp": 0.30070910801784856,
        "genetic_statistic": null,
        "t_dec": 1.6374154090881348,
        "t_enc": 330.9480073451996
    },
    "IMG_1813": {
        "PSNR": 33.8221996066802,
        "bpp": 0.38078815901360547,
        "genetic_statistic": null,
        "t_dec": 1.735297679901123,
        "t_enc": 363.53142976760864
    },
    "IMG_3227": {
        "PSNR": 38.97237887360983,
        "bpp": 0.11121120323129252,
        "genetic_statistic": null,
        "t_dec": 1.7889139652252197,
        "t_enc": 336.65443205833435
    },
    "IMG_3261": {
        "PSNR": 39.95413472630911,
        "bpp": 0.15812816987051037,
        "genetic_statistic": null,
        "t_dec": 1.5985987186431885,
        "t_enc": 317.4831063747406
    },
    "IMG_3412": {
        "PSNR": 36.69857671239309,
        "bpp": 0.2480045351473923,
        "genetic_statistic": null,
        "t_dec": 1.4002108573913574,
        "t_enc": 304.6627390384674
    },
    "IMG_3515": {
        "PSNR": 36.32510235288076,
        "bpp": 0.297437818877551,
        "genetic_statistic": null,
        "t_dec": 1.5624771118164062,
        "t_enc": 353.62964844703674
    },
    "IMG_3799": {
        "PSNR": 37.93306281545095,
        "bpp": 0.18336894132653062,
        "genetic_statistic": null,
        "t_dec": 1.5651366710662842,
        "t_enc": 339.453631401062
    },
    "IMG_4684": {
        "PSNR": 37.50343372800283,
        "bpp": 0.28282472363945577,
        "genetic_statistic": null,
        "t_dec": 1.588104486465454,
        "t_enc": 346.3354024887085
    },
    "IMG_4700": {
        "PSNR": 35.04273345448904,
        "bpp": 0.6530925807823129,
        "genetic_statistic": null,
        "t_dec": 1.7320704460144043,
        "t_enc": 368.6263372898102
    },
    "IMG_6726": {
        "PSNR": 36.79938604810171,
        "bpp": 0.19324245323129252,
        "genetic_statistic": null,
        "t_dec": 1.800102710723877,
        "t_enc": 337.6189591884613
    },
    "IMG_7136": {
        "PSNR": 35.419194006704615,
        "bpp": 0.16174207448445677,
        "genetic_statistic": null,
        "t_dec": 1.2659120559692383,
        "t_enc": 241.28106093406677
    },
    "IMG_8176": {
        "PSNR": 36.75806333997183,
        "bpp": 0.09953709608843538,
        "genetic_statistic": null,
        "t_dec": 1.8034558296203613,
        "t_enc": 338.69844222068787
    },
    "IMG_8795": {
        "PSNR": 40.96676816918783,
        "bpp": 0.06181080915730336,
        "genetic_statistic": null,
        "t_dec": 1.5171246528625488,
        "t_enc": 325.800936460495
    },
    "avg_bpp": 0.2935184543413866,
    "avg_psnr": 36.61558417358332,
    "avg_t_dec": 1.484143743912379,
    "avg_t_enc": 307.1555766562621
}