{
    "DOG_4507": {
        "PSNR": 36.99475934483938,
        "bpp": 0.27007271790501547,
        "genetic_statistic": null,
        "t_dec": 1.9876430034637451,
        "t_enc": 496.42734956741333
    },
    "DSC07099": {
        "PSNR": 33.84269525983267,
        "bpp": 0.3693626666666667,
        "genetic_statistic": null,
        "t_dec": 1.774688959121704,
        "t_enc": 365.12790727615356
    },
    "DSC07705": {
        "PSNR": 34.44535543897085,
        "bpp": 0.5580146666666667,
        "genetic_statistic": null,
        "t_dec": 1.8446199893951416,
        "t_enc": 362.0841495990753
    },
    "DSC08582": {
        "PSNR": 34.730632805609034,
        "bpp": 0.1375,
        "genetic_statistic": null,
        "t_dec": 1.4732818603515625,
        "t_enc": 492.4612965583801
    },
    "DSC08626": {
        "PSNR": 40.610478424810694,
        "bpp": 0.103472,
        "genetic_statistic": null,
        "t_dec": 1.6659903526306152,
        "t_enc": 329.9070031642914
    },
    "DSC08672": {
        "PSNR": 33.40129783132009,
        "bpp": 0.5290299253585228,
        "genetic_statistic": null,
        "t_dec": 1.7227294445037842,
        "t_enc": 364.47385835647583
    },
    "DSC08796": {
        "PSNR": 33.19279243924551,
        "bpp": 0.9978626666666667,
        "genetic_statistic": null,
        "t_dec": 1.8688068389892578,
        "t_enc": 386.11444067955017
    },
    "DSC08892": {
        "PSNR": 36.06411983945303,
        "bpp": 0.339684,
        "genetic_statistic": null,
        "t_dec": 2.062589168548584,
        "t_enc": 357.45768666267395
    },
    "DSC08902": {
        "PSNR": 37.06890394666128,
        "bpp": 0.17371443949159446,
        "genetic_statistic": null,
        "t_dec": 1.5730485916137695,
        "t_enc": 331.112996339798
    },
    "DSC08928": {
        "PSNR": 36.87697699048452,
        "bpp": 0.2904933333333333,
        "genetic_statistic": null,
        "t_dec": 1.447967529296875,
        "t_enc": 400.4868083000183
    },
    "DSC08936": {
        "PSNR": 38.47625186421804,
        "bpp": 0.14349733333333334,
        "genetic_statistic": null,
        "t_dec": 1.543311357498169,
        "t_enc": 411.237606048584
    },
    "DSC_3889": {
        "PSNR": 36.86190416791372,
        "bpp": 0.300661522910189,
        "genetic_statistic": null,
        "t_dec": 2.0903782844543457,
        "t_enc": 423.32309126853943
    },
    "IMG_1813": {
        "PSNR": 33.82196953275137,
        "bpp": 0.3808200467687075,
        "genetic_statistic": null,
        "t_dec": 2.3079335689544678,
        "t_enc": 515.4299008846283
    },
    "IMG_3227": {
        "PSNR": 38.974484109663294,
        "bpp": 0.11120482568027211,
        "genetic_statistic": null,
        "t_dec": 2.0747158527374268,
        "t_enc": 445.5856668949127
    },
    "IMG_3261": {
        "PSNR": 39.94950761773519,
        "bpp": 0.15816617376763725,
        "genetic_statistic": null,
        "t_dec": 2.385256767272949,
        "t_enc": 438.2578909397125
    },
    "IMG_3412": {
        "PSNR": 36.6994230983489,
        "bpp": 0.24810783572688336,
        "genetic_statistic": null,
        "t_dec": 1.8819313049316406,
        "t_enc": 400.77523493766785
    },
    "IMG_3515": {
        "PSNR": 36.32450392224722,
        "bpp": 0.2973942389455782,
        "genetic_statistic": null,
        "t_dec": 2.143751382827759,
        "t_enc": 488.76147985458374
    },
    "IMG_3799": {
        "PSNR": 37.9298918483489,
        "bpp": 0.18327221513605443,
        "genetic_statistic": null,
        "t_dec": 2.4154646396636963,
        "t_enc": 465.73714303970337
    },
    "IMG_4684": {
        "PSNR": 37.49323060491018,
        "bpp": 0.2829076318027211,
        "genetic_statistic": null,
        "t_dec": 2.381682872772217,
        "t_enc": 553.280100107193
    },
    "IMG_4700": {
        "PSNR": 35.044459605001734,
        "bpp": 0.653062818877551,
        "genetic_statistic": null,
        "t_dec": 2.5168590545654297,
        "t_enc": 473.6650388240814
    },
    "IMG_6726": {
        "PSNR": 36.79960896947317,
        "bpp": 0.19323076105442177,
        "genetic_statistic": null,
        "t_dec": 2.0775043964385986,
        "t_enc": 432.8567678928375
    },
    "IMG_7136": {
        "PSNR": 35.417150759481714,
        "bpp": 0.16172604391094697,
        "genetic_statistic": null,
        "t_dec": 1.606013536453247,
        "t_enc": 315.6336030960083
    },
    "IMG_8176": {
        "PSNR": 36.75466825940542,
        "bpp": 0.09957855017006803,
        "genetic_statistic": null,
        "t_dec": 2.0189242362976074,
        "t_enc": 457.5760769844055
    },
    "IMG_8795": {
        "PSNR": 40.96998920419149,
        "bpp": 0.06181080915730336,
        "genetic_statistic": null,
        "t_dec": 2.181267738342285,
        "t_enc": 560.3877277374268
    },
    "avg_bpp": 0.2935269676387556,
    "avg_psnr": 36.61437732853823,
    "avg_t_dec": 1.9602650304635365,
    "avg_t_enc": 427.8400343755881
}