{"gen_score": [1.2048522900993532, 1.3219621178589662, 1.3425294993177417, 1.3827780929949824, 1.3827780929949824, 1.4136617951503965, 1.4229000012861235, 1.4281510769251327, 1.4459632969712146, 1.4537749946581755, 1.457259851426656, 1.47133626658416, 1.4783303547256708, 1.4799058605148474, 1.49237614467458, 1.4985955497602248, 1.5014038374375431, 1.5041238087416389, 1.5098570794895068, 1.5169266537535364, 1.5169266537535364, 1.5220424797327894, 1.5223663265069192, 1.5260992238637456, 1.5336993399293135, 1.5339031675283792, 1.534033977192479, 1.5344401483866363, 1.5484516333966951, 1.5484516333966951, 1.5484516333966951, 1.5484516333966951, 1.550807140191452, 1.550807140191452, 1.5510493943905743, 1.551537462818274, 1.5537193705416357, 1.5608402471239415, 1.5608402471239415, 1.5622293030751777, 1.5622293030751777, 1.568983884333349, 1.568983884333349, 1.568983884333349, 1.568983884333349, 1.568983884333349, 1.5734781484890945, 1.5745152553617103, 1.5745152553617103, 1.5745152553617103, 1.5745152553617103, 1.575205234977922, 1.5805151383904672, 1.5805151383904672, 1.5805151383904672, 1.5827150705703446, 1.5827150705703446, 1.5827150705703446, 1.5845094456819098, 1.5845094456819098, 1.5845094456819098, 1.5845094456819098, 1.5845094456819098, 1.5845094456819098, 1.5859692087319175, 1.5871450468828954, 1.5874234175998225, 1.5874234175998225, 1.5874234175998225, 1.5874234175998225, 1.5875268086587226, 1.5875268086587226, 1.5878512020550346, 1.588666423269757, 1.588666423269757, 1.588676137133639, 1.5928900705227562, 1.5928900705227562, 1.5928900705227562, 1.5928900705227562, 1.5928900705227562, 1.5928900705227562, 1.5938672564339527, 1.5938672564339527, 1.5938672564339527, 1.5938672564339527, 1.5938672564339527, 1.5941694657052992, 1.594900723844468, 1.5960370891567806, 1.5960370891567806, 1.5960370891567806, 1.5960370891567806, 1.5960370891567806, 1.5971764072432393, 1.5971764072432393, 1.5971764072432393, 1.597908362958563, 1.5980237993451354, 1.5980237993451354], "gen_psnr": [38.6574052266465, 38.834907278992745, 38.837663652612726, 38.87813399845258, 38.87813399845258, 38.91410744721861, 38.93605767690901, 38.92272748431943, 38.92272848119934, 38.913561819355046, 38.92866784383194, 38.930717812005526, 38.92548317838251, 38.92671626970524, 38.93363786220921, 38.94041451437892, 38.91834202809666, 38.9394916141288, 38.93890328050814, 38.97034929850965, 38.97034929850965, 38.95727827358117, 38.957922338496125, 38.96135962379762, 38.97526912649561, 38.98103618788428, 38.951043911772786, 38.95797214551065, 38.96575405401868, 38.96575405401868, 38.96575405401868, 38.96575405401868, 38.95682409296586, 38.95682409296586, 38.96840947010771, 38.97464142567989, 38.96464705410672, 38.9660932510318, 38.9660932510318, 38.97356658521867, 38.97356658521867, 38.96832231687999, 38.96832231687999, 38.96832231687999, 38.96832231687999, 38.96832231687999, 38.99070045918732, 38.973599028690586, 38.973599028690586, 38.973599028690586, 38.973599028690586, 38.968054923865395, 38.99153396227003, 38.99153396227003, 38.99153396227003, 38.9877745719623, 38.9877745719623, 38.9877745719623, 38.995858090242415, 38.995858090242415, 38.995858090242415, 38.995858090242415, 38.995858090242415, 38.995858090242415, 39.009063800646, 38.98625645668781, 38.986334406001134, 38.986334406001134, 38.986334406001134, 38.986334406001134, 38.98671758480063, 38.98671758480063, 38.98684666505331, 38.99382416535048, 38.99382416535048, 38.98774370346379, 38.99831280389652, 38.99831280389652, 38.99831280389652, 38.99831280389652, 38.99831280389652, 38.99831280389652, 38.99888023884867, 38.99888023884867, 38.99888023884867, 38.99888023884867, 38.99888023884867, 38.993098227186145, 38.99989668855129, 39.00103759686178, 39.00103759686178, 39.00103759686178, 39.00103759686178, 39.00103759686178, 39.00219290454545, 39.00219290454545, 39.00219290454545, 39.00300826331061, 39.003044462728795, 39.003044462728795], "gen_time": [13.292647713548662, 15.375138216535952, 14.760965532439563, 14.768612158736623, 14.768612158736623, 14.944120662550972, 15.382466302367094, 14.74173291517437, 14.127552805996242, 13.54209213250455, 13.94282205348438, 13.528116985073316, 13.106436924227616, 13.094629528832792, 12.903295333806579, 12.922510750498702, 12.06455302775447, 12.700056983893825, 12.482070626358627, 13.322637651788899, 13.322637651788899, 12.695504861866873, 12.70654686672294, 12.696353347573593, 12.91391840386413, 13.105754051781368, 12.06702695607139, 12.291925664475208, 12.077112681646444, 12.077112681646444, 12.077112681646444, 12.077112681646444, 11.687958617936834, 11.687958617936834, 12.079100788375623, 12.27716586232349, 11.857294162442992, 11.661615553573144, 11.661615553573144, 11.871418251353704, 11.871418251353704, 11.457664816979538, 11.457664816979538, 11.457664816979538, 11.457664816979538, 11.457664816979538, 12.07435027048245, 11.448883464642638, 11.448883464642638, 11.448883464642638, 11.448883464642638, 11.233915035628893, 11.860436931907826, 11.860436931907826, 11.860436931907826, 11.65494305302476, 11.65494305302476, 11.65494305302476, 11.871810058836749, 11.871810058836749, 11.871810058836749, 11.871810058836749, 11.871810058836749, 11.871810058836749, 12.276842726201481, 11.449836446575173, 11.442925363692245, 11.442925363692245, 11.442925363692245, 11.442925363692245, 11.452573216816212, 11.452573216816212, 11.44583828082868, 11.658330662982289, 11.658330662982289, 11.448324602617816, 11.667468293776627, 11.667468293776627, 11.667468293776627, 11.667468293776627, 11.667468293776627, 11.667468293776627, 11.653338950361384, 11.653338950361384, 11.653338950361384, 11.653338950361384, 11.653338950361384, 11.443538228503678, 11.652752132847773, 11.652908787957161, 11.652908787957161, 11.652908787957161, 11.652908787957161, 11.652908787957161, 11.653460153378482, 11.653460153378482, 11.653460153378482, 11.656336120614272, 11.653603811359352, 11.653603811359352]}