{"gen_score": [2.2908060884314025, 2.2908060884314025, 2.2908060884314025, 2.29185433879627, 2.29185433879627, 2.29185433879627, 2.29185433879627, 2.29185433879627, 2.29185433879627, 2.29185433879627, 2.29185433879627, 2.29185433879627, 2.29185433879627, 2.29185433879627, 2.29185433879627, 2.29185433879627, 2.29185433879627, 2.29185433879627, 2.29185433879627, 2.29185433879627, 2.29185433879627, 2.29185433879627, 2.29185433879627, 2.29185433879627, 2.29185433879627, 2.29185433879627, 2.29185433879627, 2.29185433879627, 2.29185433879627, 2.29185433879627, 2.29185433879627, 2.29185433879627, 2.29185433879627, 2.29185433879627, 2.29185433879627, 2.29185433879627, 2.29185433879627, 2.29185433879627, 2.29185433879627, 2.29185433879627, 2.29185433879627, 2.29185433879627, 2.29185433879627, 2.29185433879627, 2.29185433879627, 2.29185433879627, 2.29185433879627, 2.29185433879627, 2.29185433879627, 2.29185433879627, 2.29185433879627, 2.29185433879627, 2.29185433879627, 2.29185433879627, 2.29185433879627, 2.29185433879627, 2.29185433879627, 2.29185433879627, 2.29185433879627, 2.29185433879627, 2.29185433879627, 2.29185433879627, 2.29185433879627, 2.29185433879627, 2.29185433879627, 2.29185433879627, 2.29185433879627, 2.29185433879627, 2.29185433879627, 2.29185433879627, 2.29185433879627, 2.29185433879627, 2.29185433879627, 2.29185433879627, 2.29185433879627, 2.29185433879627, 2.29185433879627, 2.29185433879627, 2.29185433879627, 2.29185433879627, 2.29185433879627, 2.29185433879627, 2.29185433879627, 2.29185433879627, 2.29185433879627, 2.29185433879627, 2.29185433879627, 2.29185433879627, 2.29185433879627, 2.29185433879627, 2.29185433879627, 2.29185433879627, 2.29185433879627, 2.29185433879627, 2.29185433879627, 2.29185433879627, 2.29185433879627, 2.29185433879627, 2.29185433879627, 2.29185433879627], "gen_psnr": [38.24307509498755, 38.24307509498755, 38.24307509498755, 38.24412334535242, 38.24412334535242, 38.24412334535242, 38.24412334535242, 38.24412334535242, 38.24412334535242, 38.24412334535242, 38.24412334535242, 38.24412334535242, 38.24412334535242, 38.24412334535242, 38.24412334535242, 38.24412334535242, 38.24412334535242, 38.24412334535242, 38.24412334535242, 38.24412334535242, 38.24412334535242, 38.24412334535242, 38.24412334535242, 38.24412334535242, 38.24412334535242, 38.24412334535242, 38.24412334535242, 38.24412334535242, 38.24412334535242, 38.24412334535242, 38.24412334535242, 38.24412334535242, 38.24412334535242, 38.24412334535242, 38.24412334535242, 38.24412334535242, 38.24412334535242, 38.24412334535242, 38.24412334535242, 38.24412334535242, 38.24412334535242, 38.24412334535242, 38.24412334535242, 38.24412334535242, 38.24412334535242, 38.24412334535242, 38.24412334535242, 38.24412334535242, 38.24412334535242, 38.24412334535242, 38.24412334535242, 38.24412334535242, 38.24412334535242, 38.24412334535242, 38.24412334535242, 38.24412334535242, 38.24412334535242, 38.24412334535242, 38.24412334535242, 38.24412334535242, 38.24412334535242, 38.24412334535242, 38.24412334535242, 38.24412334535242, 38.24412334535242, 38.24412334535242, 38.24412334535242, 38.24412334535242, 38.24412334535242, 38.24412334535242, 38.24412334535242, 38.24412334535242, 38.24412334535242, 38.24412334535242, 38.24412334535242, 38.24412334535242, 38.24412334535242, 38.24412334535242, 38.24412334535242, 38.24412334535242, 38.24412334535242, 38.24412334535242, 38.24412334535242, 38.24412334535242, 38.24412334535242, 38.24412334535242, 38.24412334535242, 38.24412334535242, 38.24412334535242, 38.24412334535242, 38.24412334535242, 38.24412334535242, 38.24412334535242, 38.24412334535242, 38.24412334535242, 38.24412334535242, 38.24412334535242, 38.24412334535242, 38.24412334535242, 38.24412334535242], "gen_time": [0.7181191864916507, 0.7181191864916507, 0.7181191864916507, 0.7181220002869839, 0.7181220002869839, 0.7181220002869839, 0.7181220002869839, 0.7181220002869839, 0.7181220002869839, 0.7181220002869839, 0.7181220002869839, 0.7181220002869839, 0.7181220002869839, 0.7181220002869839, 0.7181220002869839, 0.7181220002869839, 0.7181220002869839, 0.7181220002869839, 0.7181220002869839, 0.7181220002869839, 0.7181220002869839, 0.7181220002869839, 0.7181220002869839, 0.7181220002869839, 0.7181220002869839, 0.7181220002869839, 0.7181220002869839, 0.7181220002869839, 0.7181220002869839, 0.7181220002869839, 0.7181220002869839, 0.7181220002869839, 0.7181220002869839, 0.7181220002869839, 0.7181220002869839, 0.7181220002869839, 0.7181220002869839, 0.7181220002869839, 0.7181220002869839, 0.7181220002869839, 0.7181220002869839, 0.7181220002869839, 0.7181220002869839, 0.7181220002869839, 0.7181220002869839, 0.7181220002869839, 0.7181220002869839, 0.7181220002869839, 0.7181220002869839, 0.7181220002869839, 0.7181220002869839, 0.7181220002869839, 0.7181220002869839, 0.7181220002869839, 0.7181220002869839, 0.7181220002869839, 0.7181220002869839, 0.7181220002869839, 0.7181220002869839, 0.7181220002869839, 0.7181220002869839, 0.7181220002869839, 0.7181220002869839, 0.7181220002869839, 0.7181220002869839, 0.7181220002869839, 0.7181220002869839, 0.7181220002869839, 0.7181220002869839, 0.7181220002869839, 0.7181220002869839, 0.7181220002869839, 0.7181220002869839, 0.7181220002869839, 0.7181220002869839, 0.7181220002869839, 0.7181220002869839, 0.7181220002869839, 0.7181220002869839, 0.7181220002869839, 0.7181220002869839, 0.7181220002869839, 0.7181220002869839, 0.7181220002869839, 0.7181220002869839, 0.7181220002869839, 0.7181220002869839, 0.7181220002869839, 0.7181220002869839, 0.7181220002869839, 0.7181220002869839, 0.7181220002869839, 0.7181220002869839, 0.7181220002869839, 0.7181220002869839, 0.7181220002869839, 0.7181220002869839, 0.7181220002869839, 0.7181220002869839, 0.7181220002869839]}