{"gen_score": [-1.1981624080061053, -1.1981624080061053, -1.1981624080061053, -1.1930271234838443, -1.1883448837969368, -1.1840287610047469, -1.177294799160805, -1.1754148258150252, -1.173665679113519, -1.1711062984945286, -1.1695157041480329, -1.1641572657567139, -1.1622913743208727, -1.1608220448585698, -1.1608220448585698, -1.1605231305363972, -1.1590777647905668, -1.1548463941853626, -1.1548463941853626, -1.1548463941853626, -1.1548463941853626, -1.1548463941853626, -1.1548463941853626, -1.1548463941853626, -1.1540857275600942, -1.1540857275600942, -1.1532498096844535, -1.1532498096844535, -1.1525689777425328, -1.152504248937774, -1.152504248937774, -1.152504248937774, -1.152504248937774, -1.152504248937774, -1.1520137342769914, -1.1520137342769914, -1.1520060845068656, -1.1518089433158138, -1.1511089951849414, -1.1511089951849414, -1.1511089951849414, -1.1511089951849414, -1.1511089951849414, -1.1509785764805684, -1.1509785764805684, -1.1509785764805684, -1.1504460171417534, -1.1504460171417534, -1.1504460171417534, -1.1500910761198924, -1.1500910761198924, -1.1500910761198924, -1.1500910761198924, -1.149961475173292, -1.1499107957646189, -1.1499107957646189, -1.1499107957646189, -1.1499107957646189, -1.1499107957646189, -1.1499107957646189, -1.1499107957646189, -1.1499107957646189, -1.1499107957646189, -1.1499107957646189, -1.1498500373407836, -1.1498500373407836, -1.1498500373407836, -1.1498500373407836, -1.1498500373407836, -1.14925572877641, -1.14925572877641, -1.14925572877641, -1.14925572877641, -1.14925572877641, -1.14925572877641, -1.14925572877641, -1.14925572877641, -1.14925572877641, -1.14925572877641, -1.14925572877641, -1.14925572877641, -1.14925572877641, -1.14925572877641, -1.14925572877641, -1.14925572877641, -1.14925572877641, -1.14925572877641, -1.14925572877641, -1.14925572877641, -1.14925572877641, -1.14925572877641, -1.14925572877641, -1.14925572877641, -1.14925572877641, -1.14925572877641, -1.14925572877641, -1.14925572877641, -1.14925572877641, -1.14925572877641, -1.14925572877641], "gen_psnr": [38.12041972644208, 38.12041972644208, 38.12041972644208, 38.11842228913225, 38.12123159729308, 38.125667000517524, 38.12564654885299, 38.128127841041874, 38.129424833163974, 38.12835081546464, 38.12781463332798, 38.130409868227694, 38.12813829217667, 38.12744727805004, 38.12744727805004, 38.12956768507107, 38.12850659659365, 38.133976523464526, 38.133976523464526, 38.133976523464526, 38.133976523464526, 38.133976523464526, 38.133976523464526, 38.133976523464526, 38.128945992538036, 38.128945992538036, 38.130269387784296, 38.130269387784296, 38.12933260591744, 38.127800013394506, 38.127800013394506, 38.127800013394506, 38.127800013394506, 38.127800013394506, 38.13159227282904, 38.13159227282904, 38.126341685548965, 38.12856014573592, 38.13473441443977, 38.13473441443977, 38.13473441443977, 38.13473441443977, 38.13473441443977, 38.12697469005584, 38.12697469005584, 38.12697469005584, 38.134371507936116, 38.134371507936116, 38.134371507936116, 38.129772756772645, 38.129772756772645, 38.129772756772645, 38.129772756772645, 38.13208081839147, 38.13221187214759, 38.13221187214759, 38.13221187214759, 38.13221187214759, 38.13221187214759, 38.13221187214759, 38.13221187214759, 38.13221187214759, 38.13221187214759, 38.13221187214759, 38.13104991222143, 38.13104991222143, 38.13104991222143, 38.13104991222143, 38.13104991222143, 38.13063843792886, 38.13063843792886, 38.13063843792886, 38.13063843792886, 38.13063843792886, 38.13063843792886, 38.13063843792886, 38.13063843792886, 38.13063843792886, 38.13063843792886, 38.13063843792886, 38.13063843792886, 38.13063843792886, 38.13063843792886, 38.13063843792886, 38.13063843792886, 38.13063843792886, 38.13063843792886, 38.13063843792886, 38.13063843792886, 38.13063843792886, 38.13063843792886, 38.13063843792886, 38.13063843792886, 38.13063843792886, 38.13063843792886, 38.13063843792886, 38.13063843792886, 38.13063843792886, 38.13063843792886, 38.13063843792886], "gen_time": [1.6186589023487892, 1.6186589023487892, 1.6186589023487892, 1.6115261805167012, 1.6096532489906261, 1.6097725294228782, 1.603018115914404, 1.6036194347575017, 1.6031672801780983, 1.5995338818597775, 1.5974071053766203, 1.5946439018850136, 1.5905064343981528, 1.588346090809216, 1.588346090809216, 1.5901675835080773, 1.5876611292848237, 1.5888996855504949, 1.5888996855504949, 1.5888996855504949, 1.5888996855504949, 1.5888996855504949, 1.5888996855504949, 1.5888996855504949, 1.5831084879987387, 1.5831084879987387, 1.5835959653693563, 1.5835959653693563, 1.5819783515605768, 1.5803810302328873, 1.5803810302328873, 1.5803810302328873, 1.5803810302328873, 1.5803810302328873, 1.583682775006633, 1.583682775006633, 1.5784245379564354, 1.5804458569523412, 1.5859201775253198, 1.5859201775253198, 1.5859201775253198, 1.5859201775253198, 1.5859201775253198, 1.5780300344370157, 1.5780300344370157, 1.5780300344370157, 1.5848942929784748, 1.5848942929784748, 1.5848942929784748, 1.5799406007931451, 1.5799406007931451, 1.5799406007931451, 1.5799406007931451, 1.5821190614653673, 1.5821994358128149, 1.5821994358128149, 1.5821994358128149, 1.5821994358128149, 1.5821994358128149, 1.5821994358128149, 1.5821994358128149, 1.5821994358128149, 1.5821994358128149, 1.5821994358128149, 1.580976717462818, 1.580976717462818, 1.580976717462818, 1.580976717462818, 1.580976717462818, 1.5799709346058746, 1.5799709346058746, 1.5799709346058746, 1.5799709346058746, 1.5799709346058746, 1.5799709346058746, 1.5799709346058746, 1.5799709346058746, 1.5799709346058746, 1.5799709346058746, 1.5799709346058746, 1.5799709346058746, 1.5799709346058746, 1.5799709346058746, 1.5799709346058746, 1.5799709346058746, 1.5799709346058746, 1.5799709346058746, 1.5799709346058746, 1.5799709346058746, 1.5799709346058746, 1.5799709346058746, 1.5799709346058746, 1.5799709346058746, 1.5799709346058746, 1.5799709346058746, 1.5799709346058746, 1.5799709346058746, 1.5799709346058746, 1.5799709346058746, 1.5799709346058746]}