{"gen_score": [1.2172288610138153, 1.2172288610138153, 1.230950322460572, 1.230950322460572, 1.230950322460572, 1.230950322460572, 1.2329175763359999, 1.2329175763359999, 1.2329175763359999, 1.2372523849690253, 1.2372523849690253, 1.2372523849690253, 1.2372523849690253, 1.2372523849690253, 1.2372523849690253, 1.2372523849690253, 1.2372523849690253, 1.2372523849690253, 1.2372523849690253, 1.2372523849690253, 1.2372523849690253, 1.2372523849690253, 1.240548943427541, 1.240548943427541, 1.240548943427541, 1.240548943427541, 1.240548943427541, 1.240548943427541, 1.240548943427541, 1.240548943427541, 1.240548943427541, 1.240548943427541, 1.240548943427541, 1.240548943427541, 1.240548943427541, 1.240548943427541, 1.240548943427541, 1.240548943427541, 1.2430004123612974, 1.2430004123612974, 1.2430004123612974, 1.2430004123612974, 1.2430004123612974, 1.2430004123612974, 1.2430004123612974, 1.2430004123612974, 1.2430004123612974, 1.2430004123612974, 1.2430004123612974, 1.2430004123612974, 1.2430004123612974, 1.2430004123612974, 1.2430004123612974, 1.2430004123612974, 1.2430004123612974, 1.2430004123612974, 1.2430004123612974, 1.2430004123612974, 1.2430004123612974, 1.2430004123612974, 1.2430004123612974, 1.2430004123612974, 1.2430004123612974, 1.2430004123612974, 1.2430004123612974, 1.2430004123612974, 1.2430004123612974, 1.2430004123612974, 1.2430004123612974, 1.2430004123612974, 1.2430004123612974, 1.2430004123612974, 1.2430004123612974, 1.2430004123612974, 1.2430004123612974, 1.2430004123612974, 1.2430004123612974, 1.2430004123612974, 1.2430004123612974, 1.2430004123612974, 1.2430004123612974, 1.2430004123612974, 1.2430004123612974, 1.2430004123612974, 1.2430004123612974, 1.2430004123612974, 1.2430004123612974, 1.2430004123612974, 1.2430004123612974, 1.2430004123612974, 1.2430004123612974, 1.2430004123612974, 1.2430004123612974, 1.2430004123612974, 1.2430004123612974, 1.2430004123612974, 1.2430004123612974, 1.2430004123612974, 1.2430004123612974, 1.2430004123612974], "gen_psnr": [37.83299255239932, 37.83299255239932, 37.8466247692871, 37.8466247692871, 37.8466247692871, 37.8466247692871, 37.84863939880006, 37.84863939880006, 37.84863939880006, 37.85263458872223, 37.85263458872223, 37.85263458872223, 37.85263458872223, 37.85263458872223, 37.85263458872223, 37.85263458872223, 37.85263458872223, 37.85263458872223, 37.85263458872223, 37.85263458872223, 37.85263458872223, 37.85263458872223, 37.855950768974864, 37.855950768974864, 37.855950768974864, 37.855950768974864, 37.855950768974864, 37.855950768974864, 37.855950768974864, 37.855950768974864, 37.855950768974864, 37.855950768974864, 37.855950768974864, 37.855950768974864, 37.855950768974864, 37.855950768974864, 37.855950768974864, 37.855950768974864, 37.85851416405326, 37.85851416405326, 37.85851416405326, 37.85851416405326, 37.85851416405326, 37.85851416405326, 37.85851416405326, 37.85851416405326, 37.85851416405326, 37.85851416405326, 37.85851416405326, 37.85851416405326, 37.85851416405326, 37.85851416405326, 37.85851416405326, 37.85851416405326, 37.85851416405326, 37.85851416405326, 37.85851416405326, 37.85851416405326, 37.85851416405326, 37.85851416405326, 37.85851416405326, 37.85851416405326, 37.85851416405326, 37.85851416405326, 37.85851416405326, 37.85851416405326, 37.85851416405326, 37.85851416405326, 37.85851416405326, 37.85851416405326, 37.85851416405326, 37.85851416405326, 37.85851416405326, 37.85851416405326, 37.85851416405326, 37.85851416405326, 37.85851416405326, 37.85851416405326, 37.85851416405326, 37.85851416405326, 37.85851416405326, 37.85851416405326, 37.85851416405326, 37.85851416405326, 37.85851416405326, 37.85851416405326, 37.85851416405326, 37.85851416405326, 37.85851416405326, 37.85851416405326, 37.85851416405326, 37.85851416405326, 37.85851416405326, 37.85851416405326, 37.85851416405326, 37.85851416405326, 37.85851416405326, 37.85851416405326, 37.85851416405326, 37.85851416405326], "gen_time": [0.053079574786348144, 0.053079574786348144, 0.053072435221629695, 0.053072435221629695, 0.053072435221629695, 0.053072435221629695, 0.05307622527263267, 0.05307622527263267, 0.05307622527263267, 0.05304905577576441, 0.05304905577576441, 0.05304905577576441, 0.05304905577576441, 0.05304905577576441, 0.05304905577576441, 0.05304905577576441, 0.05304905577576441, 0.05304905577576441, 0.05304905577576441, 0.05304905577576441, 0.05304905577576441, 0.05304905577576441, 0.05305062551929388, 0.05305062551929388, 0.05305062551929388, 0.05305062551929388, 0.05305062551929388, 0.05305062551929388, 0.05305062551929388, 0.05305062551929388, 0.05305062551929388, 0.05305062551929388, 0.05305062551929388, 0.05305062551929388, 0.05305062551929388, 0.05305062551929388, 0.05305062551929388, 0.05305062551929388, 0.05305957961086491, 0.05305957961086491, 0.05305957961086491, 0.05305957961086491, 0.05305957961086491, 0.05305957961086491, 0.05305957961086491, 0.05305957961086491, 0.05305957961086491, 0.05305957961086491, 0.05305957961086491, 0.05305957961086491, 0.05305957961086491, 0.05305957961086491, 0.05305957961086491, 0.05305957961086491, 0.05305957961086491, 0.05305957961086491, 0.05305957961086491, 0.05305957961086491, 0.05305957961086491, 0.05305957961086491, 0.05305957961086491, 0.05305957961086491, 0.05305957961086491, 0.05305957961086491, 0.05305957961086491, 0.05305957961086491, 0.05305957961086491, 0.05305957961086491, 0.05305957961086491, 0.05305957961086491, 0.05305957961086491, 0.05305957961086491, 0.05305957961086491, 0.05305957961086491, 0.05305957961086491, 0.05305957961086491, 0.05305957961086491, 0.05305957961086491, 0.05305957961086491, 0.05305957961086491, 0.05305957961086491, 0.05305957961086491, 0.05305957961086491, 0.05305957961086491, 0.05305957961086491, 0.05305957961086491, 0.05305957961086491, 0.05305957961086491, 0.05305957961086491, 0.05305957961086491, 0.05305957961086491, 0.05305957961086491, 0.05305957961086491, 0.05305957961086491, 0.05305957961086491, 0.05305957961086491, 0.05305957961086491, 0.05305957961086491, 0.05305957961086491, 0.05305957961086491]}