{"gen_score": [0.4901057987220909, 0.6938572085753449, 0.7775127238326718, 0.812948015115488, 0.895117739417806, 0.895117739417806, 0.938956796350908, 0.9396362307425861, 0.956876140823546, 0.9765005824185167, 1.0009454821877881, 1.0009454821877881, 1.0009454821877881, 1.0009454821877881, 1.0009454821877881, 1.0009454821877881, 1.01578754627198, 1.01578754627198, 1.025038105502155, 1.0406844027335964, 1.0562330709692418, 1.0625776487078298, 1.0923080636547766, 1.0923080636547766, 1.0923080636547766, 1.0923080636547766, 1.0923080636547766, 1.0923080636547766, 1.0923080636547766, 1.0923080636547766, 1.0923080636547766, 1.0923080636547766, 1.0923080636547766, 1.0923080636547766, 1.1032607548670867, 1.1168429298526448, 1.11785934848443, 1.119982365469319, 1.1319377048975525, 1.1319377048975525, 1.1369678892565886, 1.1516785349330405, 1.1689150702395352, 1.1698043951863397, 1.1698043951863397, 1.1698043951863397, 1.173201532046491, 1.1739954383372648, 1.1744613434824558, 1.1744613434824558, 1.1763123456136242, 1.1777661925713971, 1.183312275673309, 1.183312275673309, 1.183312275673309, 1.183312275673309, 1.183312275673309, 1.1843213403781476, 1.1871532895741197, 1.1871532895741197, 1.1871532895741197, 1.1871532895741197, 1.1871532895741197, 1.1871532895741197, 1.1892605023402325, 1.1892605023402325, 1.1892605023402325, 1.1894010105716504, 1.1894010105716504, 1.1911815673269217, 1.1911815673269217, 1.1911815673269217, 1.1911815673269217, 1.1925702381982646, 1.1925702381982646, 1.1925702381982646, 1.1930243005304177, 1.1930243005304177, 1.1930243005304177, 1.1930243005304177, 1.1930243005304177, 1.1936975194441857, 1.1944446296402802, 1.1944446296402802, 1.1944446296402802, 1.1944446296402802, 1.1944446296402802, 1.1949845498564073, 1.1949845498564073, 1.1949845498564073, 1.1949845498564073, 1.1949845498564073, 1.1949845498564073, 1.1950795036811854, 1.1950795036811854, 1.1955420515872532, 1.1955420515872532, 1.1955420515872532, 1.1955420515872532, 1.1955420515872532], "gen_psnr": [38.64459983322358, 38.767253811001, 38.73748491385836, 38.74114822351499, 38.75711512752095, 38.75711512752095, 38.73416965238614, 38.752301141338165, 38.66991248688565, 38.7391860143469, 38.76493764861763, 38.76493764861763, 38.76493764861763, 38.76493764861763, 38.76493764861763, 38.76493764861763, 38.731883848704975, 38.731883848704975, 38.72580388361299, 38.670580879778534, 38.71921152248389, 38.694682247815976, 38.690267417123685, 38.690267417123685, 38.690267417123685, 38.690267417123685, 38.690267417123685, 38.690267417123685, 38.690267417123685, 38.690267417123685, 38.690267417123685, 38.690267417123685, 38.690267417123685, 38.690267417123685, 38.735963317888555, 38.698544112503555, 38.666526052802595, 38.717149589528546, 38.6807840410311, 38.6807840410311, 38.685703985118344, 38.6860335556375, 38.6701114502273, 38.65458960688599, 38.65458960688599, 38.65458960688599, 38.69105281766447, 38.65875768352963, 38.675811457462245, 38.675811457462245, 38.6940872578566, 38.67923705193699, 38.65171923211005, 38.65171923211005, 38.65171923211005, 38.65171923211005, 38.65171923211005, 38.652683698367476, 38.671985483422, 38.671985483422, 38.671985483422, 38.671985483422, 38.671985483422, 38.671985483422, 38.67430455094512, 38.67430455094512, 38.67430455094512, 38.67431801513183, 38.67431801513183, 38.67628905884927, 38.67628905884927, 38.67628905884927, 38.67628905884927, 38.67759558865451, 38.67759558865451, 38.67759558865451, 38.66124328631109, 38.66124328631109, 38.66124328631109, 38.66124328631109, 38.66124328631109, 38.67867612867785, 38.67936856263121, 38.67936856263121, 38.67936856263121, 38.67936856263121, 38.67936856263121, 38.680001622994034, 38.680001622994034, 38.680001622994034, 38.680001622994034, 38.680001622994034, 38.680001622994034, 38.66331219060528, 38.66331219060528, 38.68048317164194, 38.68048317164194, 38.68048317164194, 38.68048317164194, 38.68048317164194], "gen_time": [13.592848520590675, 12.579130619642694, 11.161325464643163, 10.764175694315806, 9.936640440611257, 9.936640440611257, 9.101833789762487, 9.319984471766725, 8.07462741509833, 8.695240988426814, 8.711575169695031, 8.711575169695031, 8.711575169695031, 8.711575169695031, 8.711575169695031, 8.711575169695031, 8.112876869734453, 8.112876869734453, 7.921245315707481, 7.035379052383756, 7.448903733255095, 7.062980578173805, 6.636165007683339, 6.636165007683339, 6.636165007683339, 6.636165007683339, 6.636165007683339, 6.636165007683339, 6.636165007683339, 6.636165007683339, 6.636165007683339, 6.636165007683339, 6.636165007683339, 6.636165007683339, 7.070455127090402, 6.432937872458379, 6.020006893299069, 6.6262633900623165, 6.022252290991394, 6.022252290991394, 6.02087428759397, 5.841110848127765, 5.426627839169158, 5.221488235567709, 5.221488235567709, 5.221488235567709, 5.634814159546769, 5.22120115422658, 5.428549514069413, 5.428549514069413, 5.633859492359217, 5.430058831391906, 5.016760044781231, 5.016760044781231, 5.016760044781231, 5.016760044781231, 5.016760044781231, 5.016202564188599, 5.222075512420546, 5.222075512420546, 5.222075512420546, 5.222075512420546, 5.222075512420546, 5.222075512420546, 5.224723696883128, 5.224723696883128, 5.224723696883128, 5.223135646324245, 5.223135646324245, 5.22551673335138, 5.22551673335138, 5.22551673335138, 5.22551673335138, 5.224489970025129, 5.224489970025129, 5.224489970025129, 5.014410411580422, 5.014410411580422, 5.014410411580422, 5.014410411580422, 5.014410411580422, 5.223905704742855, 5.22322225170868, 5.22322225170868, 5.22322225170868, 5.22322225170868, 5.22322225170868, 5.2243865035423385, 5.2243865035423385, 5.2243865035423385, 5.2243865035423385, 5.2243865035423385, 5.2243865035423385, 5.014581675873257, 5.014581675873257, 5.223437090005609, 5.223437090005609, 5.223437090005609, 5.223437090005609, 5.223437090005609]}