{"gen_score": [0.5693787416927378, 0.7049621323159556, 0.7707226838479073, 0.849792875256469, 0.8533079520012521, 0.8746100917129951, 0.8746100917129951, 0.907025833149369, 0.9527703397569098, 0.9668893790230655, 0.9683413160435563, 0.9880150757996304, 0.9880150757996304, 1.0046221157692514, 1.0105430086243956, 1.0105430086243956, 1.017557872442751, 1.0199012220070642, 1.0384543321349327, 1.0384543321349327, 1.0384543321349327, 1.0384543321349327, 1.0384543321349327, 1.0384543321349327, 1.0384543321349327, 1.0384543321349327, 1.0482858786891498, 1.0522931429293436, 1.0522931429293436, 1.0522931429293436, 1.0522931429293436, 1.0522931429293436, 1.071120060290447, 1.0728100150736992, 1.0795713788485912, 1.0861359714272467, 1.0861359714272467, 1.0963284862541514, 1.0994553699276963, 1.101327862028036, 1.1029526403043377, 1.1105609945732198, 1.1231065848165542, 1.1265282889003956, 1.1341071641110645, 1.1396324570579353, 1.1460976958545146, 1.1460976958545146, 1.1460976958545146, 1.1479495307528467, 1.148214026065098, 1.148214026065098, 1.1495528773313097, 1.1495528773313097, 1.1495528773313097, 1.1495528773313097, 1.1495528773313097, 1.1515321138898855, 1.1515321138898855, 1.1516549842278536, 1.1530655791433517, 1.1530655791433517, 1.153189900801415, 1.153189900801415, 1.153189900801415, 1.153189900801415, 1.153189900801415, 1.1536413608087486, 1.1536413608087486, 1.1536518580863486, 1.153694643272793, 1.1537240769104073, 1.1538143700527002, 1.1538391491086202, 1.1539689267674689, 1.1539689267674689, 1.1540090959261846, 1.1540584363581416, 1.1540584363581416, 1.154156851476131, 1.1542722258607228, 1.1542722258607228, 1.1543281401910122, 1.1543533459098754, 1.1543533459098754, 1.1543533459098754, 1.154486635590601, 1.154486635590601, 1.154486635590601, 1.1545787449329197, 1.154637960842983, 1.154637960842983, 1.1546414301780956, 1.1546414301780956, 1.1546414301780956, 1.1546414301780956, 1.1546414301780956, 1.1546414301780956, 1.1546414301780956, 1.1546414301780956], "gen_psnr": [38.579849286591184, 38.666409896455114, 38.79865860971798, 38.77999023960809, 38.809013132371284, 38.78902644621914, 38.78902644621914, 38.78887510261402, 38.74933501949629, 38.7637143715002, 38.76698367910096, 38.76913179891419, 38.76913179891419, 38.78711484380533, 38.774987803840716, 38.774987803840716, 38.748984788722595, 38.785741054813606, 38.76981914177749, 38.76981914177749, 38.76981914177749, 38.76981914177749, 38.76981914177749, 38.76981914177749, 38.76981914177749, 38.76981914177749, 38.77999943219735, 38.76699499765373, 38.76699499765373, 38.76699499765373, 38.76699499765373, 38.76699499765373, 38.71964091110971, 38.73846231342204, 38.69579208831916, 38.73519270949475, 38.73519270949475, 38.69570269116486, 38.69901352438473, 38.73388394526857, 38.71877236570232, 38.693543671195265, 38.69004445658216, 38.710019115230246, 38.66818141234096, 38.657334341805814, 38.647466133183606, 38.647466133183606, 38.647466133183606, 38.66572951416884, 38.66599470244486, 38.66599470244486, 38.650819734475945, 38.650819734475945, 38.650819734475945, 38.650819734475945, 38.650819734475945, 38.653121577889216, 38.653121577889216, 38.653243864165205, 38.65419711971864, 38.65419711971864, 38.65432202012429, 38.65432202012429, 38.65432202012429, 38.65432202012429, 38.65432202012429, 38.654775540669135, 38.654775540669135, 38.654785042997815, 38.654828877059884, 38.65485822355596, 38.6549507805333, 38.654974948153125, 38.65510475351924, 38.65510475351924, 38.65514720109721, 38.65519604960005, 38.65519604960005, 38.65529312185374, 38.65540804225922, 38.65540804225922, 38.65546430725934, 38.65549248153884, 38.65549248153884, 38.65549248153884, 38.65562548366596, 38.65562548366596, 38.65562548366596, 38.655717578791794, 38.65577784592944, 38.65577784592944, 38.65578218927625, 38.65578218927625, 38.65578218927625, 38.65578218927625, 38.65578218927625, 38.65578218927625, 38.65578218927625, 38.65578218927625], "gen_time": [11.79255490055259, 11.179770141061526, 12.010872162697964, 10.78914014371729, 11.107987843947406, 10.591877520648817, 10.591877520648817, 10.184788957630206, 9.11873158606428, 9.12198549528624, 9.144702627539605, 8.92563212825398, 8.92563212825398, 8.94283218977296, 8.717233029526042, 8.717233029526042, 8.304509542820082, 8.73467099940379, 8.303733209854009, 8.303733209854009, 8.303733209854009, 8.303733209854009, 8.303733209854009, 8.303733209854009, 8.303733209854009, 8.303733209854009, 8.308092508174559, 8.095446273376892, 8.095446273376892, 8.095446273376892, 8.095446273376892, 8.095446273376892, 7.2681837245627525, 7.482326818676325, 6.864431957704077, 7.274882315165798, 7.274882315165798, 6.6538506507059, 6.656150020034938, 7.068624129828727, 6.859419656796789, 6.4489565470976, 6.2483964863920844, 6.455308418445114, 5.837601192195672, 5.6329466486705435, 5.428778555935641, 5.428778555935641, 5.428778555935641, 5.633922882021888, 5.633931544069103, 5.633931544069103, 5.427508803630003, 5.427508803630003, 5.427508803630003, 5.427508803630003, 5.427508803630003, 5.431541389313616, 5.431541389313616, 5.43153408853892, 5.425817346513095, 5.425817346513095, 5.42582458085795, 5.42582458085795, 5.42582458085795, 5.42582458085795, 5.42582458085795, 5.425850337576859, 5.425850337576859, 5.4258379007153925, 5.425851011660633, 5.4258499223914205, 5.425878220329515, 5.425870577378375, 5.4258709237191285, 5.4258709237191285, 5.425899403959833, 5.425893254845875, 5.425893254845875, 5.425876469042109, 5.425870794303168, 5.425870794303168, 5.4258751776761045, 5.425912284684082, 5.425912284684082, 5.425912284684082, 5.425908690263945, 5.425908690263945, 5.425908690263945, 5.425908512557991, 5.4259216529027885, 5.4259216529027885, 5.425932578048957, 5.425932578048957, 5.425932578048957, 5.425932578048957, 5.425932578048957, 5.425932578048957, 5.425932578048957, 5.425932578048957]}