{"gen_score": [-0.9164617974052973, -0.9138099233027361, -0.9013098031049083, -0.8824751777035829, -0.8698499523761996, -0.8532972766842946, -0.8478645045199613, -0.8397351520505936, -0.8291055442198854, -0.8246901152795161, -0.81423131810363, -0.8133094994236316, -0.8032964603896033, -0.8007461365370645, -0.7957037260558053, -0.7921743307464979, -0.7869468480895989, -0.7845910704838843, -0.7822477318002115, -0.7793876472357795, -0.776621433604646, -0.776159119841644, -0.7714916020286822, -0.7680394363188796, -0.7680394363188796, -0.7666886635393411, -0.7655068819230593, -0.7644049370083579, -0.7635461363763625, -0.7594231351208194, -0.7594231351208194, -0.7594231351208194, -0.7594231351208194, -0.7594231351208194, -0.7594231351208194, -0.7580525134210419, -0.7579504484459818, -0.7579504484459818, -0.7579504484459818, -0.7579504484459818, -0.7577517887637484, -0.7577517887637484, -0.7571852295181856, -0.7571852295181856, -0.7571852295181856, -0.7564124004451642, -0.7564124004451642, -0.7564124004451642, -0.7564124004451642, -0.7564124004451642, -0.7564124004451642, -0.755916300772526, -0.755916300772526, -0.7558418566779466, -0.7555983287721233, -0.7555983287721233, -0.7555983287721233, -0.7555983287721233, -0.7555983287721233, -0.7555983287721233, -0.7555983287721233, -0.7555983287721233, -0.7555983287721233, -0.7555983287721233, -0.7555983287721233, -0.7555983287721233, -0.7555983287721233, -0.7555983287721233, -0.7555983287721233, -0.7555983287721233, -0.7555983287721233, -0.7547290815849763, -0.7547290815849763, -0.7547290815849763, -0.7547290815849763, -0.7547290815849763, -0.7547290815849763, -0.7547290815849763, -0.7547290815849763, -0.7547290815849763, -0.7547290815849763, -0.7535780523577102, -0.7535780523577102, -0.7535780523577102, -0.7535780523577102, -0.7535780523577102, -0.75341255497991, -0.75341255497991, -0.7533410197036403, -0.7533410197036403, -0.7533410197036403, -0.7533410197036403, -0.7533410197036403, -0.7533410197036403, -0.7533410197036403, -0.7530859714266995, -0.7530859714266995, -0.7530859714266995, -0.7530859714266995, -0.7530859714266995], "gen_psnr": [38.170645900026535, 38.15113122219502, 38.14309637349255, 38.14640636995926, 38.16248762615872, 38.155686983204085, 38.1552413023543, 38.154597075381474, 38.15312241611902, 38.14701885203755, 38.16358934734514, 38.15401219472893, 38.15575119884593, 38.154790752977625, 38.15793068377358, 38.162556077464494, 38.15590713770935, 38.15910368045789, 38.15506170338884, 38.15548865727453, 38.15831853129389, 38.15539460223318, 38.16041241538483, 38.16058951961638, 38.16058951961638, 38.16203293027268, 38.16048094127775, 38.16116381115089, 38.161499796505666, 38.16631271616608, 38.16631271616608, 38.16631271616608, 38.16631271616608, 38.16631271616608, 38.16631271616608, 38.1678325965668, 38.16801523225298, 38.16801523225298, 38.16801523225298, 38.16801523225298, 38.16743455727975, 38.16743455727975, 38.16781013610918, 38.16781013610918, 38.16781013610918, 38.16866668910501, 38.16866668910501, 38.16866668910501, 38.16866668910501, 38.16866668910501, 38.16866668910501, 38.169861619782345, 38.169861619782345, 38.17008797081107, 38.169844845360856, 38.169844845360856, 38.169844845360856, 38.169844845360856, 38.169844845360856, 38.169844845360856, 38.169844845360856, 38.169844845360856, 38.169844845360856, 38.169844845360856, 38.169844845360856, 38.169844845360856, 38.169844845360856, 38.169844845360856, 38.169844845360856, 38.169844845360856, 38.169844845360856, 38.17100427907245, 38.17100427907245, 38.17100427907245, 38.17100427907245, 38.17100427907245, 38.17100427907245, 38.17100427907245, 38.17100427907245, 38.17100427907245, 38.17100427907245, 38.16866430253101, 38.16866430253101, 38.16866430253101, 38.16866430253101, 38.16866430253101, 38.168704638264956, 38.168704638264956, 38.16879704632178, 38.16879704632178, 38.16879704632178, 38.16879704632178, 38.16879704632178, 38.16879704632178, 38.16879704632178, 38.169124108762674, 38.169124108762674, 38.169124108762674, 38.169124108762674, 38.169124108762674], "gen_time": [1.3871844653324397, 1.3650179133983598, 1.3444829444980624, 1.3289583155634455, 1.3324143464355267, 1.3090610277889836, 1.3031825747748673, 1.2944089953326703, 1.2823047282395066, 1.2717857352176682, 1.2778974333493764, 1.2673984620531642, 1.2591244271361355, 1.2556136574152987, 1.2537111777299927, 1.2548071761116002, 1.2429307536995553, 1.2437715188423784, 1.2373862030896547, 1.234953072410917, 1.2350167327991364, 1.2316304899754331, 1.2319807853141187, 1.2287057238358676, 1.2287057238358676, 1.228798361712629, 1.2260645911014143, 1.2256455160598596, 1.225122700782632, 1.2258126191875067, 1.2258126191875067, 1.2258126191875067, 1.2258126191875067, 1.2258126191875067, 1.2258126191875067, 1.2259618778884462, 1.226042448599571, 1.226042448599571, 1.226042448599571, 1.226042448599571, 1.2252631139441035, 1.2252631139441035, 1.2250721335279744, 1.2250721335279744, 1.2250721335279744, 1.2251558574507828, 1.2251558574507828, 1.2251558574507828, 1.2251558574507828, 1.2251558574507828, 1.2251558574507828, 1.2258546884554749, 1.2258546884554749, 1.226006595389622, 1.2255199420335838, 1.2255199420335838, 1.2255199420335838, 1.2255199420335838, 1.2255199420335838, 1.2255199420335838, 1.2255199420335838, 1.2255199420335838, 1.2255199420335838, 1.2255199420335838, 1.2255199420335838, 1.2255199420335838, 1.2255199420335838, 1.2255199420335838, 1.2255199420335838, 1.2255199420335838, 1.2255199420335838, 1.225810128558029, 1.225810128558029, 1.225810128558029, 1.225810128558029, 1.225810128558029, 1.225810128558029, 1.225810128558029, 1.225810128558029, 1.225810128558029, 1.225810128558029, 1.2223191227893324, 1.2223191227893324, 1.2223191227893324, 1.2223191227893324, 1.2223191227893324, 1.2221939611454724, 1.2221939611454724, 1.2222148339260277, 1.2222148339260277, 1.2222148339260277, 1.2222148339260277, 1.2222148339260277, 1.2222148339260277, 1.2222148339260277, 1.2222868480899804, 1.2222868480899804, 1.2222868480899804, 1.2222868480899804, 1.2222868480899804]}