{"gen_score": [-1.1402958515830122, -1.1402958515830122, -1.137858998353103, -1.1370721204973506, -1.131442489904714, -1.1262262234775733, -1.1217029448886038, -1.1188801752131283, -1.117975005046567, -1.1141365729354078, -1.1111236189559648, -1.1106788756752195, -1.1096411801548527, -1.1085976812998481, -1.1080903689104389, -1.1053715013341403, -1.1053715013341403, -1.1053715013341403, -1.1048760189552809, -1.1048760189552809, -1.1046587667199503, -1.1045210360423212, -1.1029694759440645, -1.1007095091297074, -1.1007095091297074, -1.1007095091297074, -1.1007095091297074, -1.1007095091297074, -1.1007095091297074, -1.1007095091297074, -1.1007095091297074, -1.1007095091297074, -1.1007095091297074, -1.1007095091297074, -1.1007095091297074, -1.1007095091297074, -1.0994812578547979, -1.0994812578547979, -1.0994812578547979, -1.0989904089383202, -1.0989904089383202, -1.0989904089383202, -1.0989904089383202, -1.098850909242067, -1.098850909242067, -1.0984445961429259, -1.0984445961429259, -1.0984445961429259, -1.0984445961429259, -1.0984445961429259, -1.0984445961429259, -1.0984445961429259, -1.0984445961429259, -1.0984445961429259, -1.0984445961429259, -1.0984445961429259, -1.0984445961429259, -1.0984445961429259, -1.0984445961429259, -1.0984445961429259, -1.09837195629553, -1.09837195629553, -1.09837195629553, -1.09837195629553, -1.0976748748032747, -1.0976748748032747, -1.0976748748032747, -1.0976748748032747, -1.0976748748032747, -1.0976748748032747, -1.0976748748032747, -1.0976748748032747, -1.0974567792197263, -1.0974567792197263, -1.0971819925536295, -1.0971819925536295, -1.0971819925536295, -1.0968078071538514, -1.0968078071538514, -1.0968078071538514, -1.0968078071538514, -1.0968078071538514, -1.0968078071538514, -1.0968078071538514, -1.0968078071538514, -1.0968078071538514, -1.095449768537641, -1.095449768537641, -1.095449768537641, -1.095449768537641, -1.095449768537641, -1.095449768537641, -1.095449768537641, -1.095449768537641, -1.095449768537641, -1.095449768537641, -1.095449768537641, -1.095449768537641, -1.095449768537641, -1.095449768537641], "gen_psnr": [38.18217487838912, 38.18217487838912, 38.184487616939, 38.18542925974998, 38.18834519925645, 38.187040345962075, 38.190621169756234, 38.19136937021817, 38.191532657532704, 38.19008361217759, 38.19147921921967, 38.190772374480964, 38.19191513448456, 38.19358374024348, 38.18925922016976, 38.19277580542844, 38.19277580542844, 38.19277580542844, 38.19015485940574, 38.19015485940574, 38.19122247022959, 38.190582301439925, 38.189854288325684, 38.19294417757943, 38.19294417757943, 38.19294417757943, 38.19294417757943, 38.19294417757943, 38.19294417757943, 38.19294417757943, 38.19294417757943, 38.19294417757943, 38.19294417757943, 38.19294417757943, 38.19294417757943, 38.19294417757943, 38.19111065148043, 38.19111065148043, 38.19111065148043, 38.19425100854725, 38.19425100854725, 38.19425100854725, 38.19425100854725, 38.19049964868488, 38.19049964868488, 38.189615173777554, 38.189615173777554, 38.189615173777554, 38.189615173777554, 38.189615173777554, 38.189615173777554, 38.189615173777554, 38.189615173777554, 38.189615173777554, 38.189615173777554, 38.189615173777554, 38.189615173777554, 38.189615173777554, 38.189615173777554, 38.189615173777554, 38.189765603851605, 38.189765603851605, 38.189765603851605, 38.189765603851605, 38.192880819565296, 38.192880819565296, 38.192880819565296, 38.192880819565296, 38.192880819565296, 38.192880819565296, 38.192880819565296, 38.192880819565296, 38.18795296646862, 38.18795296646862, 38.19118862747542, 38.19118862747542, 38.19118862747542, 38.19075370902273, 38.19075370902273, 38.19075370902273, 38.19075370902273, 38.19075370902273, 38.19075370902273, 38.19075370902273, 38.19075370902273, 38.19075370902273, 38.19083171177777, 38.19083171177777, 38.19083171177777, 38.19083171177777, 38.19083171177777, 38.19083171177777, 38.19083171177777, 38.19083171177777, 38.19083171177777, 38.19083171177777, 38.19083171177777, 38.19083171177777, 38.19083171177777, 38.19083171177777], "gen_time": [1.6225474978727394, 1.6225474978727394, 1.6224233831927095, 1.622578148147935, 1.619864457061776, 1.6133433373402524, 1.612400882545444, 1.6103263133319008, 1.609584430479876, 1.6042969530136002, 1.6026796060762423, 1.6015280180567917, 1.6016330825400167, 1.6022581894439383, 1.5974263569808058, 1.5982240746631873, 1.5982240746631873, 1.5982240746631873, 1.5951076462616276, 1.5951076462616276, 1.5959580048501452, 1.5951801053828498, 1.5929005321703542, 1.593730454609742, 1.593730454609742, 1.593730454609742, 1.593730454609742, 1.593730454609742, 1.593730454609742, 1.593730454609742, 1.593730454609742, 1.593730454609742, 1.593730454609742, 1.593730454609742, 1.593730454609742, 1.593730454609742, 1.590668677235835, 1.590668677235835, 1.590668677235835, 1.5933181853861706, 1.5933181853861706, 1.5933181853861706, 1.5933181853861706, 1.589427325827547, 1.589427325827547, 1.588136537821087, 1.588136537821087, 1.588136537821087, 1.588136537821087, 1.588136537821087, 1.588136537821087, 1.588136537821087, 1.588136537821087, 1.588136537821087, 1.588136537821087, 1.588136537821087, 1.588136537821087, 1.588136537821087, 1.588136537821087, 1.588136537821087, 1.5882143280477385, 1.5882143280477385, 1.5882143280477385, 1.5882143280477385, 1.590632462269175, 1.590632462269175, 1.590632462269175, 1.590632462269175, 1.590632462269175, 1.590632462269175, 1.590632462269175, 1.590632462269175, 1.5854865135889504, 1.5854865135889504, 1.588447387929657, 1.588447387929657, 1.588447387929657, 1.5876382840771865, 1.5876382840771865, 1.5876382840771865, 1.5876382840771865, 1.5876382840771865, 1.5876382840771865, 1.5876382840771865, 1.5876382840771865, 1.5876382840771865, 1.5863582482160126, 1.5863582482160126, 1.5863582482160126, 1.5863582482160126, 1.5863582482160126, 1.5863582482160126, 1.5863582482160126, 1.5863582482160126, 1.5863582482160126, 1.5863582482160126, 1.5863582482160126, 1.5863582482160126, 1.5863582482160126, 1.5863582482160126]}