{"gen_score": [0.47847540574836245, 0.7045309983921584, 0.7348391838622561, 0.7983740394432388, 0.8399660451987714, 0.8584575709352791, 0.9124585097742184, 0.9551647441487887, 0.9551647441487887, 0.9551647441487887, 1.0034044996015723, 1.0219491007244557, 1.0238889882893645, 1.0238889882893645, 1.0238889882893645, 1.0238889882893645, 1.0238889882893645, 1.0238889882893645, 1.0472131315508975, 1.0472131315508975, 1.053074255614888, 1.053074255614888, 1.053074255614888, 1.0567289089656526, 1.0567289089656526, 1.0567289089656526, 1.0567289089656526, 1.0567289089656526, 1.0567289089656526, 1.0645777715879632, 1.0645777715879632, 1.0681765464444837, 1.095144289099558, 1.095144289099558, 1.0977790809141794, 1.0977790809141794, 1.1047587406037138, 1.1047587406037138, 1.1126336448877936, 1.1126336448877936, 1.1146053995025298, 1.1146053995025298, 1.1216404936629871, 1.1228418595459075, 1.122979213592771, 1.1237917230488534, 1.124986100809025, 1.1257865901331456, 1.1257865901331456, 1.1339996653274085, 1.1339996653274085, 1.1339996653274085, 1.134269537769562, 1.138514432161081, 1.1388724558106986, 1.1388724558106986, 1.1392023469110484, 1.1443151327188232, 1.1443151327188232, 1.1448973885058535, 1.1459913824656383, 1.1459913824656383, 1.1459913824656383, 1.1459913824656383, 1.1459913824656383, 1.1459913824656383, 1.1459913824656383, 1.1459913824656383, 1.1459913824656383, 1.1459913824656383, 1.1459913824656383, 1.1459913824656383, 1.1459913824656383, 1.1459913824656383, 1.1459913824656383, 1.1470522387533038, 1.1470522387533038, 1.1470522387533038, 1.1476195413991448, 1.1476195413991448, 1.1476490860050248, 1.1476490860050248, 1.1477304276848557, 1.14778620472444, 1.1478689401657576, 1.1478946881029302, 1.148021754679668, 1.1481407322225365, 1.1482595694581974, 1.1482595694581974, 1.1482922938884528, 1.1484871973239663, 1.1484871973239663, 1.1484871973239663, 1.1484913226886064, 1.1487010862014415, 1.148757634542946, 1.148827087418887, 1.148827087418887, 1.148914710567837], "gen_psnr": [38.684800026361195, 38.69830193002222, 38.660666833037084, 38.70832799106368, 38.634946065891135, 38.756648531974214, 38.74415243126245, 38.68795931249791, 38.68795931249791, 38.68795931249791, 38.67973902650996, 38.60647964521775, 38.674221567344546, 38.674221567344546, 38.674221567344546, 38.674221567344546, 38.674221567344546, 38.674221567344546, 38.64787140127102, 38.64787140127102, 38.65320875672934, 38.65320875672934, 38.65320875672934, 38.64127971628545, 38.64127971628545, 38.64127971628545, 38.64127971628545, 38.64127971628545, 38.64127971628545, 38.63245056510834, 38.63245056510834, 38.66861519291293, 38.64591337979738, 38.64591337979738, 38.6330905001881, 38.6330905001881, 38.63925733092871, 38.63925733092871, 38.63071108673436, 38.63071108673436, 38.61630818408674, 38.61630818408674, 38.63985391015235, 38.62455895489922, 38.62468493909584, 38.64211318349884, 38.65961719443783, 38.6441023605401, 38.6441023605401, 38.635558749862, 38.635558749862, 38.635558749862, 38.63583317403671, 38.65612845418892, 38.65648520501829, 38.65648520501829, 38.62389953752209, 38.6290691960083, 38.6290691960083, 38.62965778087855, 38.663538770897375, 38.663538770897375, 38.663538770897375, 38.663538770897375, 38.663538770897375, 38.663538770897375, 38.663538770897375, 38.663538770897375, 38.663538770897375, 38.663538770897375, 38.663538770897375, 38.663538770897375, 38.663538770897375, 38.663538770897375, 38.663538770897375, 38.6483020468219, 38.6483020468219, 38.6483020468219, 38.64886771845431, 38.64886771845431, 38.648892677208615, 38.648892677208615, 38.648988889437035, 38.649052760498094, 38.649116920605906, 38.64914284417913, 38.64927163553067, 38.64939702198519, 38.649509349082535, 38.649509349082535, 38.649549736019225, 38.649742476168214, 38.649742476168214, 38.649742476168214, 38.64975088675979, 38.64996140748968, 38.65002120744006, 38.65008314311409, 38.65008314311409, 38.65016911816379], "gen_time": [14.24073084698242, 11.58380973469773, 10.734518704007334, 10.5360974845776, 9.09892334797654, 10.389060102308674, 9.557847107924905, 8.321605193685995, 8.321605193685995, 8.321605193685995, 7.6158546756768155, 6.468304895488258, 7.290830327511762, 7.290830327511762, 7.290830327511762, 7.290830327511762, 7.290830327511762, 7.290830327511762, 6.669901460823563, 6.669901460823563, 6.66335435325271, 6.66335435325271, 6.66335435325271, 6.468558180819503, 6.468558180819503, 6.468558180819503, 6.468558180819503, 6.468558180819503, 6.468558180819503, 6.260083008326757, 6.260083008326757, 6.667156170177583, 6.0462867230447905, 6.0462867230447905, 5.853065830246074, 5.853065830246074, 5.842905468384463, 5.842905468384463, 5.63764111240412, 5.63764111240412, 5.432957896624672, 5.432957896624672, 5.639340795439033, 5.433136781238462, 5.432994658110425, 5.6406913449468705, 5.844561759682073, 5.6406202194090085, 5.6406202194090085, 5.4311616460044485, 5.4311616460044485, 5.4311616460044485, 5.4312185426614, 5.631848364669981, 5.631832454416976, 5.631832454416976, 5.220387971960067, 5.221098880440505, 5.221098880440505, 5.221177993980757, 5.631015444718735, 5.631015444718735, 5.631015444718735, 5.631015444718735, 5.631015444718735, 5.631015444718735, 5.631015444718735, 5.631015444718735, 5.631015444718735, 5.631015444718735, 5.631015444718735, 5.631015444718735, 5.631015444718735, 5.631015444718735, 5.631015444718735, 5.427295690179397, 5.427295690179397, 5.427295690179397, 5.4272753025116085, 5.4272753025116085, 5.427217979366875, 5.427217979366875, 5.427403861224233, 5.427505036492693, 5.427272844823889, 5.427275040274528, 5.427296599959476, 5.4273767113551505, 5.427295334626279, 5.427295334626279, 5.427391115956687, 5.427364074875138, 5.427364074875138, 5.427364074875138, 5.427417640211783, 5.427427105424981, 5.427467750535999, 5.427373785512018, 5.427373785512018, 5.427353184271366]}