{"gen_score": [0.5174216946133114, 0.7420887369960312, 0.7625038589523143, 0.8028669525840542, 0.8286130489946473, 0.8422439844778253, 0.8966159890644505, 0.8966159890644505, 0.8966159890644505, 0.8966159890644505, 0.8966159890644505, 0.8991498202594812, 0.9079825282492564, 0.9151965338051085, 0.9155734151120996, 0.9219923870215325, 0.9219923870215325, 0.9219923870215325, 0.9219923870215325, 0.9219923870215325, 0.9219923870215325, 0.9391330775287514, 0.9391330775287514, 0.9391330775287514, 0.9391611190941589, 0.9558683004331456, 0.9558683004331456, 0.9558683004331456, 0.9558683004331456, 0.9558683004331456, 0.9558683004331456, 0.9558683004331456, 0.9558683004331456, 0.9558683004331456, 0.9558683004331456, 0.9558683004331456, 0.9558683004331456, 0.9640688072954333, 0.9640688072954333, 0.9640688072954333, 0.9640688072954333, 0.9640688072954333, 0.9640688072954333, 0.9640688072954333, 0.9640688072954333, 0.9880675443626501, 1.0021699219982736, 1.0286211358325161, 1.0372068246566002, 1.0372068246566002, 1.049059404232672, 1.049059404232672, 1.0802915853843444, 1.083960604543563, 1.083960604543563, 1.0935648447244048, 1.1001667145260043, 1.101385101432939, 1.1080983602190884, 1.1080983602190884, 1.108608782145609, 1.1177025315584075, 1.119386965065047, 1.1237821357079554, 1.1289172177997528, 1.1352918136933923, 1.1361234851814928, 1.140375330357287, 1.1445579720048613, 1.146386100448133, 1.1488301085310013, 1.1523704475867333, 1.1567886323561893, 1.1567886323561893, 1.1567886323561893, 1.1579061385542886, 1.1579061385542886, 1.1579061385542886, 1.1606941875234824, 1.1608174947186995, 1.1653750381252337, 1.1653750381252337, 1.1653750381252337, 1.1660005733350687, 1.1723337882080145, 1.1723337882080145, 1.1723337882080145, 1.1732693960433878, 1.1732693960433878, 1.1732693960433878, 1.1732693960433878, 1.1732693960433878, 1.1732693960433878, 1.1732693960433878, 1.1732693960433878, 1.1745673133440633, 1.175260245132094, 1.1764999744065818, 1.1764999744065818, 1.1764999744065818], "gen_psnr": [38.53147855707697, 38.692552723917274, 38.713021153615955, 38.684634963664344, 38.627305330772536, 38.70802243159877, 38.61253998630204, 38.61253998630204, 38.61253998630204, 38.61253998630204, 38.61253998630204, 38.69734935125499, 38.673465864701164, 38.62976221627975, 38.681524931916925, 38.58842849386738, 38.58842849386738, 38.58842849386738, 38.58842849386738, 38.58842849386738, 38.58842849386738, 38.58884754435159, 38.58884754435159, 38.58884754435159, 38.62054062858846, 38.588907274503356, 38.588907274503356, 38.588907274503356, 38.588907274503356, 38.588907274503356, 38.588907274503356, 38.588907274503356, 38.588907274503356, 38.588907274503356, 38.588907274503356, 38.588907274503356, 38.588907274503356, 38.61256901332999, 38.61256901332999, 38.61256901332999, 38.61256901332999, 38.61256901332999, 38.61256901332999, 38.61256901332999, 38.61256901332999, 38.654055391844, 38.65104067223135, 38.678577510738876, 38.602714143475644, 38.602714143475644, 38.647598752300894, 38.647598752300894, 38.630550283998815, 38.633914296011014, 38.633914296011014, 38.62691960254077, 38.61693004085382, 38.61838852548612, 38.59162251600726, 38.59162251600726, 38.62529387940266, 38.61781079240768, 38.61945610730923, 38.60780588659659, 38.612568152681995, 38.61900902862819, 38.58646702258754, 38.62430599008046, 38.61191063219994, 38.61369109081552, 38.616118098185936, 38.61953015242177, 38.64064691786284, 38.64064691786284, 38.64064691786284, 38.62523211302732, 38.62523211302732, 38.62523211302732, 38.64492637091282, 38.66144720817177, 38.649323012078966, 38.649323012078966, 38.649323012078966, 38.64992372762519, 38.656126709390925, 38.656126709390925, 38.656126709390925, 38.65711866157645, 38.65711866157645, 38.65711866157645, 38.65711866157645, 38.65711866157645, 38.65711866157645, 38.65711866157645, 38.65711866157645, 38.658594157540676, 38.659234217760314, 38.66051487801125, 38.66051487801125, 38.66051487801125], "gen_time": [11.837383870117753, 11.042472925837538, 11.043139272617516, 10.183773227825663, 9.145326611545618, 9.983903678333837, 8.110723054791874, 8.110723054791874, 8.110723054791874, 8.110723054791874, 8.110723054791874, 9.139167226765938, 8.730214794970877, 8.09374412025501, 8.736067049382331, 7.492124424895193, 7.492124424895193, 7.492124424895193, 7.492124424895193, 7.492124424895193, 7.492124424895193, 7.2831039246074285, 7.2831039246074285, 7.2831039246074285, 7.678916958000754, 7.074660265199684, 7.074660265199684, 7.074660265199684, 7.074660265199684, 7.074660265199684, 7.074660265199684, 7.074660265199684, 7.074660265199684, 7.074660265199684, 7.074660265199684, 7.074660265199684, 7.074660265199684, 7.267925664753934, 7.267925664753934, 7.267925664753934, 7.267925664753934, 7.267925664753934, 7.267925664753934, 7.267925664753934, 7.267925664753934, 7.486521182838813, 7.272557467235539, 7.286127775651531, 6.230514574560082, 6.230514574560082, 6.643414940174824, 6.643414940174824, 6.039906822002893, 6.036094232665187, 6.036094232665187, 5.828607562026503, 5.621214668419786, 5.624215889986774, 5.205725036674203, 5.205725036674203, 5.6202368050351845, 5.413026349937904, 5.412537367374352, 5.211969975429941, 5.2073097753500255, 5.2081382760069745, 4.790967306897654, 5.210806335861632, 5.00358134176045, 5.002985468914369, 5.002772960008697, 5.001169399759939, 5.209901658155121, 5.209901658155121, 5.209901658155121, 5.00324777023498, 5.00324777023498, 5.00324777023498, 5.214575381688746, 5.419544507485388, 5.211022763743692, 5.211022763743692, 5.211022763743692, 5.210712517948577, 5.209084604108424, 5.209084604108424, 5.209084604108424, 5.2097889084852795, 5.2097889084852795, 5.2097889084852795, 5.2097889084852795, 5.2097889084852795, 5.2097889084852795, 5.2097889084852795, 5.2097889084852795, 5.212008641779676, 5.2113477471748055, 5.211859384380313, 5.211859384380313, 5.211859384380313]}