{"gen_score": [1.1678229326183285, 1.2070558657703003, 1.209134447773863, 1.243842193663511, 1.2996380055484522, 1.2996380055484522, 1.2996380055484522, 1.2996380055484522, 1.2996380055484522, 1.2996380055484522, 1.2996380055484522, 1.2996380055484522, 1.2996380055484522, 1.2996380055484522, 1.3030355631466435, 1.3045347338344087, 1.3470279367087628, 1.3470279367087628, 1.3470279367087628, 1.3470279367087628, 1.3470279367087628, 1.3546354810005639, 1.3651704305989014, 1.3720170924491555, 1.378717041662334, 1.3897351044891906, 1.3897351044891906, 1.3897351044891906, 1.4019058095649939, 1.4019058095649939, 1.4151749737531745, 1.4151749737531745, 1.4183017799256348, 1.4343844871399654, 1.4343844871399654, 1.4343844871399654, 1.4432880317460572, 1.4432880317460572, 1.4432880317460572, 1.445134454055406, 1.4482676607095613, 1.4545815403980598, 1.4616155092459238, 1.4616155092459238, 1.4671071168437066, 1.472449141962052, 1.4736453164099288, 1.4758789663467695, 1.4768462337020551, 1.4768462337020551, 1.479691837825662, 1.479691837825662, 1.48669797545071, 1.489684662751685, 1.489684662751685, 1.5005515787393051, 1.5005515787393051, 1.5005515787393051, 1.5005515787393051, 1.5005515787393051, 1.506999522671606, 1.5088002236259115, 1.5088002236259115, 1.5098334970566825, 1.509881504683122, 1.509881504683122, 1.509881504683122, 1.5151380577524023, 1.5157580496959753, 1.518326818397803, 1.519498828275509, 1.5243916466334895, 1.5243916466334895, 1.5243916466334895, 1.5274962804005696, 1.5274962804005696, 1.5277852575428241, 1.5277852575428241, 1.5333741968627734, 1.5333741968627734, 1.5333741968627734, 1.5334787471261748, 1.5355007638788791, 1.5355007638788791, 1.5355007638788791, 1.5355007638788791, 1.5355007638788791, 1.5408563650199127, 1.5408563650199127, 1.5408563650199127, 1.5475825221549115, 1.5475825221549115, 1.5475825221549115, 1.5475825221549115, 1.5475825221549115, 1.5475825221549115, 1.5475825221549115, 1.5475825221549115, 1.5475825221549115, 1.5475825221549115], "gen_psnr": [38.67894919305542, 38.759600278503314, 38.77445967859576, 38.77251691975069, 38.84863513196343, 38.84863513196343, 38.84863513196343, 38.84863513196343, 38.84863513196343, 38.84863513196343, 38.84863513196343, 38.84863513196343, 38.84863513196343, 38.84863513196343, 38.80872983539503, 38.809729496022726, 38.87582509112262, 38.87582509112262, 38.87582509112262, 38.87582509112262, 38.87582509112262, 38.87223412496519, 38.82898198832321, 38.90162676920751, 38.86065829635459, 38.88979597694684, 38.88979597694684, 38.88979597694684, 38.91341484978318, 38.91341484978318, 38.87927539868832, 38.87927539868832, 38.8819966017715, 38.89811349669386, 38.89811349669386, 38.89811349669386, 38.90165963484984, 38.90165963484984, 38.90165963484984, 38.90325077740088, 38.90038328750984, 38.91305759516621, 38.925249255724516, 38.925249255724516, 38.936877254525704, 38.92486762237512, 38.91996750359941, 38.93413778185425, 38.917212289403466, 38.917212289403466, 38.92585177134593, 38.92585177134593, 38.93305825785512, 38.917727278020514, 38.917727278020514, 38.92257865266062, 38.92257865266062, 38.92257865266062, 38.92257865266062, 38.92257865266062, 38.92893768417122, 38.94874919323637, 38.94874919323637, 38.94399377396527, 38.95568897872206, 38.95568897872206, 38.95568897872206, 38.91943886526611, 38.93216808800923, 38.96457926377467, 38.94178166205186, 38.94655413529606, 38.94655413529606, 38.94655413529606, 38.955804874808756, 38.955804874808756, 38.97386019515555, 38.97386019515555, 38.96745050743009, 38.96745050743009, 38.96745050743009, 38.94362255807195, 38.945680129433235, 38.945680129433235, 38.945680129433235, 38.945680129433235, 38.945680129433235, 38.95701290964116, 38.95701290964116, 38.95701290964116, 38.95185499459087, 38.95185499459087, 38.95185499459087, 38.95185499459087, 38.95185499459087, 38.95185499459087, 38.95185499459087, 38.95185499459087, 38.95185499459087, 38.95185499459087], "gen_time": [15.312417502857032, 16.740629650992304, 17.181347516126095, 15.917537008032498, 16.61830943312888, 16.61830943312888, 16.61830943312888, 16.61830943312888, 16.61830943312888, 16.61830943312888, 16.61830943312888, 16.61830943312888, 16.61830943312888, 16.61830943312888, 15.125107565315272, 15.10788308048545, 15.921758674469563, 15.921758674469563, 15.921758674469563, 15.921758674469563, 15.921758674469563, 15.535603141737406, 13.68087603000228, 15.949776686348946, 14.306037994414403, 14.930852400117825, 14.930852400117825, 14.930852400117825, 15.325616805653352, 15.325616805653352, 13.690836968307222, 13.690836968307222, 13.676850654883504, 13.678029541367339, 13.678029541367339, 13.678029541367339, 13.493291387915328, 13.493291387915328, 13.493291387915328, 13.484488637628704, 13.277568067104838, 13.496893169445125, 13.674744607736393, 13.674744607736393, 13.886344304405497, 13.288011295132025, 13.077794287422103, 13.489402160456617, 12.872410443005965, 12.872410443005965, 13.072199333311486, 13.072199333311486, 13.079107915523199, 12.447464221192726, 12.447464221192726, 12.240031760933574, 12.240031760933574, 12.240031760933574, 12.240031760933574, 12.240031760933574, 12.236965815357664, 12.858028164007456, 12.858028164007456, 12.658418070839625, 13.060045558092956, 13.060045558092956, 13.060045558092956, 11.628781195154001, 12.046340877896926, 13.075389397331948, 12.248851066279602, 12.244701234770025, 12.244701234770025, 12.244701234770025, 12.4566359156533, 12.4566359156533, 13.0692684399479, 13.0692684399479, 12.655522679761322, 12.655522679761322, 12.655522679761322, 11.830264072121924, 11.831490093107574, 11.831490093107574, 11.831490093107574, 11.831490093107574, 11.831490093107574, 12.037599716103625, 12.037599716103625, 12.037599716103625, 11.627804123507493, 11.627804123507493, 11.627804123507493, 11.627804123507493, 11.627804123507493, 11.627804123507493, 11.627804123507493, 11.627804123507493, 11.627804123507493, 11.627804123507493]}