{"gen_score": [0.5017633288342864, 0.6186636145036815, 0.6809303599931127, 0.749945221719301, 0.7796767548936785, 0.8431035213433447, 0.8740555036763809, 0.9005197418451871, 0.9130289394752964, 0.9130289394752964, 0.9130289394752964, 0.9177657972988484, 0.9177657972988484, 0.9177657972988484, 0.9177657972988484, 0.9177657972988484, 0.9367341000014093, 0.9367341000014093, 0.9367341000014093, 0.9367341000014093, 0.9367341000014093, 0.9367341000014093, 0.9367341000014093, 0.9367341000014093, 0.9367341000014093, 0.9367341000014093, 0.9501284967364825, 0.9501284967364825, 0.9501284967364825, 0.9501284967364825, 0.956541882224009, 0.956541882224009, 0.956541882224009, 0.956541882224009, 0.956541882224009, 0.956541882224009, 0.956541882224009, 0.956541882224009, 0.9627135390380701, 0.9627135390380701, 0.9627135390380701, 0.9627135390380701, 0.9627135390380701, 0.9627135390380701, 0.9627135390380701, 0.9627135390380701, 0.9658164465167332, 0.9674636289488205, 0.9705809026328751, 0.9868301474670247, 0.9870243103703658, 1.0101509889596088, 1.0384172139613241, 1.0411858453819889, 1.0437690272582998, 1.0462987140103408, 1.0462987140103408, 1.0462987140103408, 1.0473932467818088, 1.0473932467818088, 1.0523180965292411, 1.0523180965292411, 1.0523180965292411, 1.0589933591571494, 1.0589933591571494, 1.0589933591571494, 1.0589933591571494, 1.0589933591571494, 1.0589933591571494, 1.0589933591571494, 1.061462636911223, 1.061462636911223, 1.0616424442579842, 1.0616424442579842, 1.0616424442579842, 1.0616424442579842, 1.0616424442579842, 1.0616424442579842, 1.0616424442579842, 1.0681422152448548, 1.0681422152448548, 1.0686589860205302, 1.071018872944883, 1.0726397530787324, 1.0763509162087388, 1.0789002752705983, 1.0832182388366292, 1.088766755218174, 1.0904840724618765, 1.102372919533515, 1.1043561136707964, 1.107874073690482, 1.107874073690482, 1.107874073690482, 1.107874073690482, 1.107874073690482, 1.107874073690482, 1.107874073690482, 1.107874073690482, 1.107874073690482], "gen_psnr": [38.58355800902999, 38.5653092115496, 38.6317359091801, 38.59857404723164, 38.645418043242955, 38.64225139237704, 38.6571907562668, 38.63273335066277, 38.677640569768556, 38.677640569768556, 38.677640569768556, 38.68339094309028, 38.68339094309028, 38.68339094309028, 38.68339094309028, 38.68339094309028, 38.668723706820515, 38.668723706820515, 38.668723706820515, 38.668723706820515, 38.668723706820515, 38.668723706820515, 38.668723706820515, 38.668723706820515, 38.668723706820515, 38.668723706820515, 38.699015493955244, 38.699015493955244, 38.699015493955244, 38.699015493955244, 38.7059553049297, 38.7059553049297, 38.7059553049297, 38.7059553049297, 38.7059553049297, 38.7059553049297, 38.7059553049297, 38.7059553049297, 38.7130278286706, 38.7130278286706, 38.7130278286706, 38.7130278286706, 38.7130278286706, 38.7130278286706, 38.7130278286706, 38.7130278286706, 38.69966004936916, 38.734831464720926, 38.73732846717894, 38.72042505387991, 38.70382517848883, 38.72707323785372, 38.68934927650212, 38.69216366973462, 38.67763387403381, 38.68055988795738, 38.68055988795738, 38.68055988795738, 38.66417381565253, 38.66417381565253, 38.669135223068835, 38.669135223068835, 38.669135223068835, 38.65881249622077, 38.65881249622077, 38.65881249622077, 38.65881249622077, 38.65881249622077, 38.65881249622077, 38.65881249622077, 38.694668586906566, 38.694668586906566, 38.67818547423064, 38.67818547423064, 38.67818547423064, 38.67818547423064, 38.67818547423064, 38.67818547423064, 38.67818547423064, 38.70125153986419, 38.70125153986419, 38.684941484967695, 38.70385475496874, 38.70562986841009, 38.69326095259445, 38.71223796855089, 38.70009387352891, 38.70567066918673, 38.70728738473886, 38.669275549888916, 38.68773261558496, 38.69142128577035, 38.69142128577035, 38.69142128577035, 38.69142128577035, 38.69142128577035, 38.69142128577035, 38.69142128577035, 38.69142128577035, 38.69142128577035], "gen_time": [12.684106591768343, 10.994743052396, 11.046742454159409, 9.76953340822626, 9.983439193687987, 9.151021477243262, 8.950863746702275, 8.31434319954178, 8.71931846798775, 8.71931846798775, 8.71931846798775, 8.731987411714947, 8.731987411714947, 8.731987411714947, 8.731987411714947, 8.731987411714947, 8.311543174560825, 8.311543174560825, 8.311543174560825, 8.311543174560825, 8.311543174560825, 8.311543174560825, 8.311543174560825, 8.311543174560825, 8.311543174560825, 8.311543174560825, 8.522760554556543, 8.522760554556543, 8.522760554556543, 8.522760554556543, 8.529340873143207, 8.529340873143207, 8.529340873143207, 8.529340873143207, 8.529340873143207, 8.529340873143207, 8.529340873143207, 8.529340873143207, 8.540601709728579, 8.540601709728579, 8.540601709728579, 8.540601709728579, 8.540601709728579, 8.540601709728579, 8.540601709728579, 8.540601709728579, 8.334718124977297, 8.753771036473319, 8.746017646147846, 8.331609419483046, 8.121683940802816, 8.123201200498459, 7.298323871081969, 7.298895893729892, 7.0849836740159065, 7.089937763659995, 7.089937763659995, 7.089937763659995, 6.871430200206053, 6.871430200206053, 6.871887171066956, 6.871887171066956, 6.871887171066956, 6.659412302617269, 6.659412302617269, 6.659412302617269, 6.659412302617269, 6.659412302617269, 6.659412302617269, 6.659412302617269, 7.076747464263787, 7.076747464263787, 6.868460963980205, 6.868460963980205, 6.868460963980205, 6.868460963980205, 6.868460963980205, 6.868460963980205, 6.868460963980205, 7.075539647063721, 7.075539647063721, 6.86520432616158, 7.0721216146202215, 7.074049530963988, 6.873048544143456, 7.078394255325669, 6.872618522975494, 6.872972013928948, 6.871714492784334, 6.247955968764553, 6.453879363249074, 6.456013240320393, 6.456013240320393, 6.456013240320393, 6.456013240320393, 6.456013240320393, 6.456013240320393, 6.456013240320393, 6.456013240320393, 6.456013240320393]}