{
    "DOG_4507": {
        "PSNR": 37.1438651321166,
        "bpp": 0.26997449544312124,
        "genetic_statistic": null,
        "t_dec": 10.233826398849487,
        "t_enc": 154.32058906555176
    },
    "DSC07099": {
        "PSNR": 33.95224621274404,
        "bpp": 0.3696506666666667,
        "genetic_statistic": null,
        "t_dec": 8.395644664764404,
        "t_enc": 127.9528329372406
    },
    "DSC07705": {
        "PSNR": 34.56098606564932,
        "bpp": 0.5584186666666666,
        "genetic_statistic": null,
        "t_dec": 8.386942863464355,
        "t_enc": 166.53786396980286
    },
    "DSC08582": {
        "PSNR": 34.777342581533716,
        "bpp": 0.137508,
        "genetic_statistic": null,
        "t_dec": 9.00110650062561,
        "t_enc": 135.75598573684692
    },
    "DSC08626": {
        "PSNR": 40.65045824029379,
        "bpp": 0.10347466666666667,
        "genetic_statistic": null,
        "t_dec": 8.222131729125977,
        "t_enc": 244.08089542388916
    },
    "DSC08672": {
        "PSNR": 33.47333123662405,
        "bpp": 0.5300071197467475,
        "genetic_statistic": null,
        "t_dec": 8.706989049911499,
        "t_enc": 127.44654941558838
    },
    "DSC08796": {
        "PSNR": 33.25839211919241,
        "bpp": 0.9982306666666667,
        "genetic_statistic": null,
        "t_dec": 7.627732992172241,
        "t_enc": 414.6001000404358
    },
    "DSC08892": {
        "PSNR": 36.21231844403677,
        "bpp": 0.3399,
        "genetic_statistic": null,
        "t_dec": 8.324669122695923,
        "t_enc": 124.64477872848511
    },
    "DSC08902": {
        "PSNR": 37.54470398404531,
        "bpp": 0.17380164485148794,
        "genetic_statistic": null,
        "t_dec": 8.292978286743164,
        "t_enc": 143.77797603607178
    },
    "DSC08928": {
        "PSNR": 37.128388190054224,
        "bpp": 0.29012,
        "genetic_statistic": null,
        "t_dec": 8.185056686401367,
        "t_enc": 160.74212431907654
    },
    "DSC08936": {
        "PSNR": 38.75396242120199,
        "bpp": 0.1434,
        "genetic_statistic": null,
        "t_dec": 8.20380711555481,
        "t_enc": 168.83348560333252
    },
    "DSC_3889": {
        "PSNR": 37.15770652272634,
        "bpp": 0.3003339603086254,
        "genetic_statistic": null,
        "t_dec": 10.415429830551147,
        "t_enc": 153.02185535430908
    },
    "IMG_1813": {
        "PSNR": 33.88977816083364,
        "bpp": 0.38077434098639457,
        "genetic_statistic": null,
        "t_dec": 10.613037347793579,
        "t_enc": 172.09821033477783
    },
    "IMG_3227": {
        "PSNR": 39.03377106168203,
        "bpp": 0.11105070153061225,
        "genetic_statistic": null,
        "t_dec": 11.036532878875732,
        "t_enc": 162.6067144870758
    },
    "IMG_3261": {
        "PSNR": 40.19688596703939,
        "bpp": 0.15834237365431655,
        "genetic_statistic": null,
        "t_dec": 10.153891324996948,
        "t_enc": 150.42109656333923
    },
    "IMG_3412": {
        "PSNR": 36.809537911199854,
        "bpp": 0.24796044343663393,
        "genetic_statistic": null,
        "t_dec": 10.944807529449463,
        "t_enc": 185.2876853942871
    },
    "IMG_3515": {
        "PSNR": 36.44149472691946,
        "bpp": 0.29753348214285713,
        "genetic_statistic": null,
        "t_dec": 10.485173463821411,
        "t_enc": 165.92970514297485
    },
    "IMG_3799": {
        "PSNR": 38.024750256323145,
        "bpp": 0.18323288690476192,
        "genetic_statistic": null,
        "t_dec": 10.874509572982788,
        "t_enc": 162.67129755020142
    },
    "IMG_4684": {
        "PSNR": 37.5492983100646,
        "bpp": 0.2809157100340136,
        "genetic_statistic": null,
        "t_dec": 10.401965141296387,
        "t_enc": 302.16966462135315
    },
    "IMG_4700": {
        "PSNR": 35.148364805959986,
        "bpp": 0.6528066539115647,
        "genetic_statistic": null,
        "t_dec": 10.744179010391235,
        "t_enc": 172.81642603874207
    },
    "IMG_6726": {
        "PSNR": 36.94800903775625,
        "bpp": 0.19345291241496598,
        "genetic_statistic": null,
        "t_dec": 10.573339223861694,
        "t_enc": 251.29735660552979
    },
    "IMG_7136": {
        "PSNR": 35.45793583371572,
        "bpp": 0.16177092951677438,
        "genetic_statistic": null,
        "t_dec": 7.3878397941589355,
        "t_enc": 112.37502932548523
    },
    "IMG_8176": {
        "PSNR": 36.77267959096365,
        "bpp": 0.09970184948979592,
        "genetic_statistic": null,
        "t_dec": 10.72328495979309,
        "t_enc": 183.59721636772156
    },
    "IMG_8795": {
        "PSNR": 40.99168171861105,
        "bpp": 0.061746690614942236,
        "genetic_statistic": null,
        "t_dec": 10.321661472320557,
        "t_enc": 214.3595895767212
    },
    "avg_bpp": 0.2935045359022617,
    "avg_psnr": 36.74491202213698,
    "avg_t_dec": 9.510689040025076,
    "avg_t_enc": 181.55604285995165
}