{"gen_score": [-2.365642437064686, -2.3518035650664686, -2.35086561986774, -2.3471647342179196, -2.3448144930909365, -2.3448144930909365, -2.3448144930909365, -2.3427998452967813, -2.3427998452967813, -2.3427998452967813, -2.3427998452967813, -2.3427998452967813, -2.3427998452967813, -2.3427998452967813, -2.3427998452967813, -2.3427998452967813, -2.3427998452967813, -2.3422018646493257, -2.3422018646493257, -2.339156017652961, -2.339156017652961, -2.339156017652961, -2.339156017652961, -2.339156017652961, -2.339156017652961, -2.339156017652961, -2.339156017652961, -2.339156017652961, -2.339156017652961, -2.339156017652961, -2.339156017652961, -2.339156017652961, -2.339156017652961, -2.339156017652961, -2.339156017652961, -2.339156017652961, -2.339156017652961, -2.339156017652961, -2.339156017652961, -2.339156017652961, -2.339156017652961, -2.339156017652961, -2.339156017652961, -2.339156017652961, -2.339156017652961, -2.339156017652961, -2.339156017652961, -2.339156017652961, -2.339156017652961, -2.339156017652961, -2.339156017652961, -2.339156017652961, -2.339156017652961, -2.339156017652961, -2.339156017652961, -2.339156017652961, -2.339156017652961, -2.339156017652961, -2.339156017652961, -2.339156017652961, -2.339156017652961, -2.339156017652961, -2.339156017652961, -2.339156017652961, -2.339156017652961, -2.339156017652961, -2.339156017652961, -2.339156017652961, -2.339156017652961, -2.339156017652961, -2.339156017652961, -2.339156017652961, -2.339156017652961, -2.339156017652961, -2.339156017652961, -2.339156017652961, -2.339156017652961, -2.339156017652961, -2.339156017652961, -2.339156017652961, -2.339156017652961, -2.339156017652961, -2.338925233226611, -2.338925233226611, -2.338925233226611, -2.338925233226611, -2.338925233226611, -2.338925233226611, -2.338925233226611, -2.338925233226611, -2.338925233226611, -2.338925233226611, -2.338925233226611, -2.338925233226611, -2.338925233226611, -2.338925233226611, -2.338925233226611, -2.338925233226611, -2.338925233226611, -2.338748663399045], "gen_psnr": [37.83299255239932, 37.845754505892934, 37.84433181269649, 37.84941485741558, 37.851990282293315, 37.851990282293315, 37.851990282293315, 37.85461370287295, 37.85461370287295, 37.85461370287295, 37.85461370287295, 37.85461370287295, 37.85461370287295, 37.85461370287295, 37.85461370287295, 37.85461370287295, 37.85461370287295, 37.855141564429495, 37.855141564429495, 37.85766482099459, 37.85766482099459, 37.85766482099459, 37.85766482099459, 37.85766482099459, 37.85766482099459, 37.85766482099459, 37.85766482099459, 37.85766482099459, 37.85766482099459, 37.85766482099459, 37.85766482099459, 37.85766482099459, 37.85766482099459, 37.85766482099459, 37.85766482099459, 37.85766482099459, 37.85766482099459, 37.85766482099459, 37.85766482099459, 37.85766482099459, 37.85766482099459, 37.85766482099459, 37.85766482099459, 37.85766482099459, 37.85766482099459, 37.85766482099459, 37.85766482099459, 37.85766482099459, 37.85766482099459, 37.85766482099459, 37.85766482099459, 37.85766482099459, 37.85766482099459, 37.85766482099459, 37.85766482099459, 37.85766482099459, 37.85766482099459, 37.85766482099459, 37.85766482099459, 37.85766482099459, 37.85766482099459, 37.85766482099459, 37.85766482099459, 37.85766482099459, 37.85766482099459, 37.85766482099459, 37.85766482099459, 37.85766482099459, 37.85766482099459, 37.85766482099459, 37.85766482099459, 37.85766482099459, 37.85766482099459, 37.85766482099459, 37.85766482099459, 37.85766482099459, 37.85766482099459, 37.85766482099459, 37.85766482099459, 37.85766482099459, 37.85766482099459, 37.85766482099459, 37.85779424637877, 37.85779424637877, 37.85779424637877, 37.85779424637877, 37.85779424637877, 37.85779424637877, 37.85779424637877, 37.85779424637877, 37.85779424637877, 37.85779424637877, 37.85779424637877, 37.85779424637877, 37.85779424637877, 37.85779424637877, 37.85779424637877, 37.85779424637877, 37.85779424637877, 37.85812642958593], "gen_time": [0.053079574786348144, 0.053066113305040685, 0.05303660532510094, 0.053053882313466846, 0.05305669711035125, 0.05305669711035125, 0.05305669711035125, 0.05306430677016984, 0.05306430677016984, 0.05306430677016984, 0.05306430677016984, 0.05306430677016984, 0.05306430677016984, 0.05306430677016984, 0.05306430677016984, 0.05306430677016984, 0.05306430677016984, 0.05306343028153336, 0.05306343028153336, 0.05305689790114255, 0.05305689790114255, 0.05305689790114255, 0.05305689790114255, 0.05305689790114255, 0.05305689790114255, 0.05305689790114255, 0.05305689790114255, 0.05305689790114255, 0.05305689790114255, 0.05305689790114255, 0.05305689790114255, 0.05305689790114255, 0.05305689790114255, 0.05305689790114255, 0.05305689790114255, 0.05305689790114255, 0.05305689790114255, 0.05305689790114255, 0.05305689790114255, 0.05305689790114255, 0.05305689790114255, 0.05305689790114255, 0.05305689790114255, 0.05305689790114255, 0.05305689790114255, 0.05305689790114255, 0.05305689790114255, 0.05305689790114255, 0.05305689790114255, 0.05305689790114255, 0.05305689790114255, 0.05305689790114255, 0.05305689790114255, 0.05305689790114255, 0.05305689790114255, 0.05305689790114255, 0.05305689790114255, 0.05305689790114255, 0.05305689790114255, 0.05305689790114255, 0.05305689790114255, 0.05305689790114255, 0.05305689790114255, 0.05305689790114255, 0.05305689790114255, 0.05305689790114255, 0.05305689790114255, 0.05305689790114255, 0.05305689790114255, 0.05305689790114255, 0.05305689790114255, 0.05305689790114255, 0.05305689790114255, 0.05305689790114255, 0.05305689790114255, 0.05305689790114255, 0.05305689790114255, 0.05305689790114255, 0.05305689790114255, 0.05305689790114255, 0.05305689790114255, 0.05305689790114255, 0.053055630913115395, 0.053055630913115395, 0.053055630913115395, 0.053055630913115395, 0.053055630913115395, 0.053055630913115395, 0.053055630913115395, 0.053055630913115395, 0.053055630913115395, 0.053055630913115395, 0.053055630913115395, 0.053055630913115395, 0.053055630913115395, 0.053055630913115395, 0.053055630913115395, 0.053055630913115395, 0.053055630913115395, 0.053057576080360325]}