{"gen_score": [2.000111266704593, 2.000111266704593, 2.000111266704593, 2.000111266704593, 2.000111266704593, 2.000111266704593, 2.000111266704593, 2.001100242595811, 2.001100242595811, 2.001100242595811, 2.001100242595811, 2.0021629281351636, 2.007467534021039, 2.007467534021039, 2.012752592941297, 2.012752592941297, 2.012752592941297, 2.012752592941297, 2.012752592941297, 2.012752592941297, 2.012752592941297, 2.012752592941297, 2.012752592941297, 2.012752592941297, 2.012752592941297, 2.012752592941297, 2.012752592941297, 2.012752592941297, 2.012752592941297, 2.012752592941297, 2.012752592941297, 2.012752592941297, 2.012752592941297, 2.012752592941297, 2.012752592941297, 2.012752592941297, 2.012752592941297, 2.013633141665821, 2.015801819192845, 2.015801819192845, 2.015801819192845, 2.015801819192845, 2.015801819192845, 2.015801819192845, 2.015801819192845, 2.015801819192845, 2.015801819192845, 2.015801819192845, 2.015801819192845, 2.015801819192845, 2.015801819192845, 2.015801819192845, 2.015801819192845, 2.015801819192845, 2.016664837599876, 2.016664837599876, 2.016664837599876, 2.016664837599876, 2.0198393423477157, 2.0198393423477157, 2.0198393423477157, 2.0198393423477157, 2.0198393423477157, 2.0198393423477157, 2.0198393423477157, 2.0198393423477157, 2.0198393423477157, 2.0198393423477157, 2.0198393423477157, 2.0198393423477157, 2.0198393423477157, 2.0198393423477157, 2.0198393423477157, 2.0198393423477157, 2.0198393423477157, 2.0198393423477157, 2.0198393423477157, 2.0198393423477157, 2.0198393423477157, 2.0198393423477157, 2.0198393423477157, 2.0198393423477157, 2.0198393423477157, 2.0198393423477157, 2.0198393423477157, 2.0198393423477157, 2.0198393423477157, 2.0198393423477157, 2.020731729822316, 2.020731729822316, 2.020731729822316, 2.020731729822316, 2.020731729822316, 2.020731729822316, 2.020731729822316, 2.020731729822316, 2.020731729822316, 2.020731729822316, 2.020731729822316, 2.020731729822316], "gen_psnr": [39.23625877753782, 39.23625877753782, 39.23625877753782, 39.23625877753782, 39.23625877753782, 39.23625877753782, 39.23625877753782, 39.300443503519155, 39.300443503519155, 39.300443503519155, 39.300443503519155, 39.30109258841884, 39.30691453010194, 39.30691453010194, 39.31182236022299, 39.31182236022299, 39.31182236022299, 39.31182236022299, 39.31182236022299, 39.31182236022299, 39.31182236022299, 39.31182236022299, 39.31182236022299, 39.31182236022299, 39.31182236022299, 39.31182236022299, 39.31182236022299, 39.31182236022299, 39.31182236022299, 39.31182236022299, 39.31182236022299, 39.31182236022299, 39.31182236022299, 39.31182236022299, 39.31182236022299, 39.31182236022299, 39.31182236022299, 39.31297367278047, 39.31533063345852, 39.31533063345852, 39.31533063345852, 39.31533063345852, 39.31533063345852, 39.31533063345852, 39.31533063345852, 39.31533063345852, 39.31533063345852, 39.31533063345852, 39.31533063345852, 39.31533063345852, 39.31533063345852, 39.31533063345852, 39.31533063345852, 39.31533063345852, 39.315984505557026, 39.315984505557026, 39.315984505557026, 39.315984505557026, 39.31936919812032, 39.31936919812032, 39.31936919812032, 39.31936919812032, 39.31936919812032, 39.31936919812032, 39.31936919812032, 39.31936919812032, 39.31936919812032, 39.31936919812032, 39.31936919812032, 39.31936919812032, 39.31936919812032, 39.31936919812032, 39.31936919812032, 39.31936919812032, 39.31936919812032, 39.31936919812032, 39.31936919812032, 39.31936919812032, 39.31936919812032, 39.31936919812032, 39.31936919812032, 39.31936919812032, 39.31936919812032, 39.31936919812032, 39.31936919812032, 39.31936919812032, 39.31936919812032, 39.31936919812032, 39.32022584660928, 39.32022584660928, 39.32022584660928, 39.32022584660928, 39.32022584660928, 39.32022584660928, 39.32022584660928, 39.32022584660928, 39.32022584660928, 39.32022584660928, 39.32022584660928, 39.32022584660928], "gen_time": [0.5420490070692094, 0.5420490070692094, 0.5420490070692094, 0.5420490070692094, 0.5420490070692094, 0.5420490070692094, 0.5420490070692094, 0.6684405072494416, 0.6684405072494416, 0.6684405072494416, 0.6684405072494416, 0.6676133059701043, 0.6686479775645565, 0.6686479775645565, 0.6678935199661389, 0.6678935199661389, 0.6678935199661389, 0.6678935199661389, 0.6678935199661389, 0.6678935199661389, 0.6678935199661389, 0.6678935199661389, 0.6678935199661389, 0.6678935199661389, 0.6678935199661389, 0.6678935199661389, 0.6678935199661389, 0.6678935199661389, 0.6678935199661389, 0.6678935199661389, 0.6678935199661389, 0.6678935199661389, 0.6678935199661389, 0.6678935199661389, 0.6678935199661389, 0.6678935199661389, 0.6678935199661389, 0.6684350476320617, 0.6688116139341159, 0.6688116139341159, 0.6688116139341159, 0.6688116139341159, 0.6688116139341159, 0.6688116139341159, 0.6688116139341159, 0.6688116139341159, 0.6688116139341159, 0.6688116139341159, 0.6688116139341159, 0.6688116139341159, 0.6688116139341159, 0.6688116139341159, 0.6688116139341159, 0.6688116139341159, 0.6683933213170586, 0.6683933213170586, 0.6683933213170586, 0.6683933213170586, 0.6688136969479652, 0.6688136969479652, 0.6688136969479652, 0.6688136969479652, 0.6688136969479652, 0.6688136969479652, 0.6688136969479652, 0.6688136969479652, 0.6688136969479652, 0.6688136969479652, 0.6688136969479652, 0.6688136969479652, 0.6688136969479652, 0.6688136969479652, 0.6688136969479652, 0.6688136969479652, 0.6688136969479652, 0.6688136969479652, 0.6688136969479652, 0.6688136969479652, 0.6688136969479652, 0.6688136969479652, 0.6688136969479652, 0.6688136969479652, 0.6688136969479652, 0.6688136969479652, 0.6688136969479652, 0.6688136969479652, 0.6688136969479652, 0.6688136969479652, 0.6687422189766837, 0.6687422189766837, 0.6687422189766837, 0.6687422189766837, 0.6687422189766837, 0.6687422189766837, 0.6687422189766837, 0.6687422189766837, 0.6687422189766837, 0.6687422189766837, 0.6687422189766837, 0.6687422189766837]}