{"gen_score": [1.163730252692396, 1.299786681416478, 1.332747349533598, 1.3693264030725487, 1.3915558692188554, 1.3982359726028477, 1.4145408627197327, 1.4322427238200248, 1.4401630118384432, 1.447092706752791, 1.4558928550315287, 1.4682329576720647, 1.4682329576720647, 1.477025215804204, 1.4889235161651726, 1.4889235161651726, 1.498936183445501, 1.5029707998433395, 1.5125744378030248, 1.5125744378030248, 1.5130456691930902, 1.5163013815825153, 1.5194061408357769, 1.5194061408357769, 1.521040412187908, 1.537614868082649, 1.537614868082649, 1.5376599864919882, 1.5376599864919882, 1.5410888732466645, 1.5410888732466645, 1.5417723145377806, 1.5417723145377806, 1.5452859186232075, 1.5510997869261658, 1.5510997869261658, 1.5510997869261658, 1.5543321386095883, 1.5543321386095883, 1.559262419527201, 1.559262419527201, 1.559262419527201, 1.559262419527201, 1.5596655675150402, 1.5596655675150402, 1.5607319680273761, 1.5629822615665532, 1.5702754236282885, 1.5702754236282885, 1.5702754236282885, 1.5702754236282885, 1.5708292959091636, 1.5708292959091636, 1.570988612286257, 1.5727274035005507, 1.5727274035005507, 1.5735883463296503, 1.5751159524110179, 1.5751159524110179, 1.5763270399816847, 1.5779126161693497, 1.582726742799423, 1.582726742799423, 1.582726742799423, 1.582726742799423, 1.583924167300765, 1.5851280045566085, 1.5851280045566085, 1.5857679724968818, 1.5857679724968818, 1.5863012678402555, 1.5865705998245119, 1.5876955223395441, 1.5876955223395441, 1.5891208292156804, 1.5891208292156804, 1.5891208292156804, 1.590597653983778, 1.590597653983778, 1.590597653983778, 1.590597653983778, 1.590597653983778, 1.590597653983778, 1.590597653983778, 1.590597653983778, 1.59470828256746, 1.59470828256746, 1.59470828256746, 1.59470828256746, 1.59470828256746, 1.59470828256746, 1.59470828256746, 1.59470828256746, 1.5953398913379644, 1.5953398913379644, 1.5953398913379644, 1.5953398913379644, 1.5953398913379644, 1.5953398913379644, 1.5953398913379644], "gen_psnr": [38.613693413340975, 38.841046730030484, 38.84302882794741, 38.89540397426698, 38.89087867828057, 38.8557838062029, 38.89660704421575, 38.902163654694306, 38.94577446949905, 38.94673492224967, 38.90749493744802, 38.872059137891696, 38.872059137891696, 38.934682098818556, 38.92304421972419, 38.92304421972419, 38.944575943093014, 38.96056612217973, 38.96466755623054, 38.96466755623054, 38.93494996579099, 38.973655636309246, 38.94153078276717, 38.94153078276717, 38.95517471407263, 38.947513164327276, 38.947513164327276, 38.95959012238844, 38.95959012238844, 38.9568183151774, 38.9568183151774, 38.94541201685134, 38.94541201685134, 38.973411244669855, 38.97353170513608, 38.97353170513608, 38.97353170513608, 38.9702519676039, 38.9702519676039, 38.95694509377313, 38.95694509377313, 38.95694509377313, 38.95694509377313, 38.963310153866495, 38.963310153866495, 38.9711485490885, 38.97318330393883, 38.97439076928377, 38.97439076928377, 38.97439076928377, 38.97439076928377, 38.981128413871275, 38.981128413871275, 38.980905857227334, 38.98254111894942, 38.98254111894942, 38.98966437088013, 38.9733554061076, 38.9733554061076, 38.98645949520411, 38.98192735705146, 38.980877118984885, 38.980877118984885, 38.980877118984885, 38.980877118984885, 38.993976852677804, 39.00105890164187, 39.00105890164187, 39.00184554432658, 39.00184554432658, 38.99009811928201, 38.9908525487502, 38.991821850400385, 38.991821850400385, 38.993099118205464, 38.993099118205464, 38.993099118205464, 38.99466844858458, 38.99466844858458, 38.99466844858458, 38.99466844858458, 38.99466844858458, 38.99466844858458, 38.99466844858458, 38.99466844858458, 38.99267319487179, 38.99267319487179, 38.99267319487179, 38.99267319487179, 38.99267319487179, 38.99267319487179, 38.99267319487179, 38.99267319487179, 39.00529944279647, 39.00529944279647, 39.00529944279647, 39.00529944279647, 39.00529944279647, 39.00529944279647, 39.00529944279647], "gen_time": [13.203345096356681, 16.351513646888478, 15.283287088261051, 15.827979942765381, 14.905401938189005, 13.464885542959014, 14.310345815233823, 13.891544069656588, 15.122251889874654, 14.91641595319451, 13.259859640077659, 11.6124147367377, 11.6124147367377, 13.468645867589993, 12.657053472578665, 12.657053472578665, 13.054262303216277, 13.466523085591353, 13.276791916319928, 13.276791916319928, 12.23579806012634, 13.458210409396287, 12.243396175074135, 12.243396175074135, 12.657522380361714, 11.821798047944462, 11.821798047944462, 12.236689070421118, 12.236689070421118, 12.022872037120587, 12.022872037120587, 11.605984464114718, 11.605984464114718, 12.450316316979652, 12.253991908816392, 12.253991908816392, 12.253991908816392, 12.029437108278337, 12.029437108278337, 11.400569703161793, 11.400569703161793, 11.400569703161793, 11.400569703161793, 11.60615287921445, 11.60615287921445, 11.839669938168328, 11.832237569587543, 11.622385958663598, 11.622385958663598, 11.622385958663598, 11.622385958663598, 11.83561948647838, 11.83561948647838, 11.822451451270368, 11.818881468780473, 11.818881468780473, 12.03482316193919, 11.419768994563581, 11.419768994563581, 11.829872495454577, 11.618916828547285, 11.416697356249191, 11.416697356249191, 11.416697356249191, 11.416697356249191, 11.827121811130962, 12.029818766586923, 12.029818766586923, 12.034876516395121, 12.034876516395121, 11.611403399569452, 11.628130899015458, 11.622764662296667, 11.622764662296667, 11.617659866742963, 11.617659866742963, 11.617659866742963, 11.62084971539866, 11.62084971539866, 11.62084971539866, 11.62084971539866, 11.62084971539866, 11.62084971539866, 11.62084971539866, 11.62084971539866, 11.410302050003338, 11.410302050003338, 11.410302050003338, 11.410302050003338, 11.410302050003338, 11.410302050003338, 11.410302050003338, 11.410302050003338, 11.823910296698926, 11.823910296698926, 11.823910296698926, 11.823910296698926, 11.823910296698926, 11.823910296698926, 11.823910296698926]}