{"gen_score": [1.174214771521271, 1.174214771521271, 1.174214771521271, 1.174214771521271, 1.174214771521271, 1.174214771521271, 1.174214771521271, 1.174214771521271, 1.174214771521271, 1.174214771521271, 1.174214771521271, 1.174214771521271, 1.174214771521271, 1.174214771521271, 1.174214771521271, 1.174214771521271, 1.174214771521271, 1.174214771521271, 1.174214771521271, 1.174214771521271, 1.174214771521271, 1.174214771521271, 1.174214771521271, 1.174214771521271, 1.174214771521271, 1.174214771521271, 1.174214771521271, 1.174214771521271, 1.174214771521271, 1.174214771521271, 1.174214771521271, 1.174214771521271, 1.174214771521271, 1.174214771521271, 1.1892224949933166, 1.2095443616208286, 1.2147100261765473, 1.2333552205099068, 1.2347622332540809, 1.2347622332540809, 1.2481546016247123, 1.2547202294721345, 1.286251549319978, 1.2893771887655845, 1.3046613264158893, 1.3264506699733403, 1.3264506699733403, 1.3524259611731182, 1.3524259611731182, 1.3526195256145641, 1.3604508901964607, 1.3644743113696975, 1.3644743113696975, 1.3644743113696975, 1.3786763368754436, 1.381694611177899, 1.381694611177899, 1.4016770751322483, 1.4016770751322483, 1.4016770751322483, 1.4016770751322483, 1.4177543273081312, 1.4177543273081312, 1.4177543273081312, 1.4177543273081312, 1.4177543273081312, 1.4216020465690349, 1.4318502087045317, 1.4318502087045317, 1.4318502087045317, 1.4318502087045317, 1.4318502087045317, 1.4318502087045317, 1.4318502087045317, 1.443703241905439, 1.443703241905439, 1.4467982410795202, 1.4467982410795202, 1.4531503464271225, 1.4531503464271225, 1.4531503464271225, 1.4571612619473413, 1.4575106717786568, 1.4575106717786568, 1.4575106717786568, 1.4583796424583255, 1.469950504940634, 1.469950504940634, 1.469950504940634, 1.469950504940634, 1.469950504940634, 1.469950504940634, 1.469950504940634, 1.469950504940634, 1.469950504940634, 1.4722841653861565, 1.4722841653861565, 1.4722841653861565, 1.4722841653861565, 1.4736955623593389], "gen_psnr": [38.661020169857004, 38.661020169857004, 38.661020169857004, 38.661020169857004, 38.661020169857004, 38.661020169857004, 38.661020169857004, 38.661020169857004, 38.661020169857004, 38.661020169857004, 38.661020169857004, 38.661020169857004, 38.661020169857004, 38.661020169857004, 38.661020169857004, 38.661020169857004, 38.661020169857004, 38.661020169857004, 38.661020169857004, 38.661020169857004, 38.661020169857004, 38.661020169857004, 38.661020169857004, 38.661020169857004, 38.661020169857004, 38.661020169857004, 38.661020169857004, 38.661020169857004, 38.661020169857004, 38.661020169857004, 38.661020169857004, 38.661020169857004, 38.661020169857004, 38.661020169857004, 38.67680815085454, 38.71501526023621, 38.74462961674918, 38.720890624792176, 38.75825125605823, 38.75825125605823, 38.74118620265343, 38.76032653986874, 38.79751757548091, 38.8060941529087, 38.78007768471539, 38.83796437337858, 38.83796437337858, 38.8454584150182, 38.8454584150182, 38.84547927984276, 38.88953633715351, 38.869601850647264, 38.869601850647264, 38.869601850647264, 38.84158245929272, 38.86851671843879, 38.86851671843879, 38.86601165592511, 38.86601165592511, 38.86601165592511, 38.86601165592511, 38.89338286667303, 38.89338286667303, 38.89338286667303, 38.89338286667303, 38.89338286667303, 38.90324916239078, 38.9136625961099, 38.9136625961099, 38.9136625961099, 38.9136625961099, 38.9136625961099, 38.9136625961099, 38.9136625961099, 38.955133491449665, 38.955133491449665, 38.92836226676937, 38.92836226676937, 38.92829979796521, 38.92829979796521, 38.92829979796521, 38.93186418037949, 38.9211059531393, 38.9211059531393, 38.9211059531393, 38.951868916219674, 38.9630890549081, 38.9630890549081, 38.9630890549081, 38.9630890549081, 38.9630890549081, 38.9630890549081, 38.9630890549081, 38.9630890549081, 38.9630890549081, 38.953766126639266, 38.953766126639266, 38.953766126639266, 38.953766126639266, 38.961272808343345], "gen_time": [14.473767085568786, 14.473767085568786, 14.473767085568786, 14.473767085568786, 14.473767085568786, 14.473767085568786, 14.473767085568786, 14.473767085568786, 14.473767085568786, 14.473767085568786, 14.473767085568786, 14.473767085568786, 14.473767085568786, 14.473767085568786, 14.473767085568786, 14.473767085568786, 14.473767085568786, 14.473767085568786, 14.473767085568786, 14.473767085568786, 14.473767085568786, 14.473767085568786, 14.473767085568786, 14.473767085568786, 14.473767085568786, 14.473767085568786, 14.473767085568786, 14.473767085568786, 14.473767085568786, 14.473767085568786, 14.473767085568786, 14.473767085568786, 14.473767085568786, 14.473767085568786, 14.500672517482307, 15.11740502624622, 15.960463369599685, 14.498939704414802, 15.738719653445244, 15.738719653445244, 14.688463730154599, 15.122074398012776, 15.317237010575548, 15.505200389271518, 14.081041567077888, 15.325777605206921, 15.325777605206921, 14.688493137615334, 14.688493137615334, 14.682537978412379, 15.931699796648546, 15.105565049080383, 15.105565049080383, 15.105565049080383, 13.649654122863275, 14.474343255401845, 14.474343255401845, 13.698911308228352, 13.698911308228352, 13.698911308228352, 13.698911308228352, 14.088358155540082, 14.088358155540082, 14.088358155540082, 14.088358155540082, 14.088358155540082, 14.29589527474166, 14.30159429486671, 14.30159429486671, 14.30159429486671, 14.30159429486671, 14.30159429486671, 14.30159429486671, 14.30159429486671, 15.322899885861741, 15.322899885861741, 14.293030097779654, 14.293030097779654, 14.07183788565003, 14.07183788565003, 14.07183788565003, 14.056440192341798, 13.673418224358825, 13.673418224358825, 13.673418224358825, 14.704245548521147, 14.692151624594215, 14.692151624594215, 14.692151624594215, 14.692151624594215, 14.692151624594215, 14.692151624594215, 14.692151624594215, 14.692151624594215, 14.692151624594215, 14.290200289616209, 14.290200289616209, 14.290200289616209, 14.290200289616209, 14.50038252171603]}