{"gen_score": [1.872757722078589, 1.872757722078589, 1.872757722078589, 1.872757722078589, 1.872757722078589, 1.872757722078589, 1.872757722078589, 1.872757722078589, 1.872757722078589, 1.872757722078589, 1.872757722078589, 1.872757722078589, 1.872757722078589, 1.872757722078589, 1.872757722078589, 1.872757722078589, 1.872757722078589, 1.872757722078589, 1.872757722078589, 1.872757722078589, 1.872757722078589, 1.872757722078589, 1.872757722078589, 1.872757722078589, 1.872757722078589, 1.872757722078589, 1.872757722078589, 1.872757722078589, 1.872757722078589, 1.872757722078589, 1.872757722078589, 1.872757722078589, 1.872757722078589, 1.872757722078589, 1.872757722078589, 1.872757722078589, 1.872757722078589, 1.872757722078589, 1.872757722078589, 1.872757722078589, 1.872757722078589, 1.872757722078589, 1.872757722078589, 1.872757722078589, 1.872757722078589, 1.872757722078589, 1.872757722078589, 1.872757722078589, 1.872757722078589, 1.872757722078589, 1.872757722078589, 1.87284237391912, 1.8740598639158748, 1.8740598639158748, 1.8740598639158748, 1.8740598639158748, 1.8740598639158748, 1.8740598639158748, 1.8740598639158748, 1.8740598639158748, 1.8740598639158748, 1.8740598639158748, 1.8740598639158748, 1.8740598639158748, 1.8740598639158748, 1.8740598639158748, 1.8750744605283387, 1.8750744605283387, 1.8750744605283387, 1.8750744605283387, 1.875545367874679, 1.875545367874679, 1.875545367874679, 1.875545367874679, 1.875545367874679, 1.875545367874679, 1.875545367874679, 1.876042760419189, 1.876042760419189, 1.876042760419189, 1.876042760419189, 1.876042760419189, 1.876042760419189, 1.876042760419189, 1.876042760419189, 1.876042760419189, 1.8761097285493804, 1.8761097285493804, 1.8761097285493804, 1.8761097285493804, 1.8761097285493804, 1.8761097285493804, 1.8761097285493804, 1.8761097285493804, 1.8761097285493804, 1.8761097285493804, 1.8761097285493804, 1.8761097285493804, 1.8761097285493804, 1.8761097285493804], "gen_psnr": [39.06160780580397, 39.06160780580397, 39.06160780580397, 39.06160780580397, 39.06160780580397, 39.06160780580397, 39.06160780580397, 39.06160780580397, 39.06160780580397, 39.06160780580397, 39.06160780580397, 39.06160780580397, 39.06160780580397, 39.06160780580397, 39.06160780580397, 39.06160780580397, 39.06160780580397, 39.06160780580397, 39.06160780580397, 39.06160780580397, 39.06160780580397, 39.06160780580397, 39.06160780580397, 39.06160780580397, 39.06160780580397, 39.06160780580397, 39.06160780580397, 39.06160780580397, 39.06160780580397, 39.06160780580397, 39.06160780580397, 39.06160780580397, 39.06160780580397, 39.06160780580397, 39.06160780580397, 39.06160780580397, 39.06160780580397, 39.06160780580397, 39.06160780580397, 39.06160780580397, 39.06160780580397, 39.06160780580397, 39.06160780580397, 39.06160780580397, 39.06160780580397, 39.06160780580397, 39.06160780580397, 39.06160780580397, 39.06160780580397, 39.06160780580397, 39.06160780580397, 39.061973553072015, 39.063323990671776, 39.063323990671776, 39.063323990671776, 39.063323990671776, 39.063323990671776, 39.063323990671776, 39.063323990671776, 39.063323990671776, 39.063323990671776, 39.063323990671776, 39.063323990671776, 39.063323990671776, 39.063323990671776, 39.063323990671776, 39.064293771782715, 39.064293771782715, 39.064293771782715, 39.064293771782715, 39.064301627577706, 39.064301627577706, 39.064301627577706, 39.064301627577706, 39.064301627577706, 39.064301627577706, 39.064301627577706, 39.06528768526188, 39.06528768526188, 39.06528768526188, 39.06528768526188, 39.06528768526188, 39.06528768526188, 39.06528768526188, 39.06528768526188, 39.06528768526188, 39.065124382366406, 39.065124382366406, 39.065124382366406, 39.065124382366406, 39.065124382366406, 39.065124382366406, 39.065124382366406, 39.065124382366406, 39.065124382366406, 39.065124382366406, 39.065124382366406, 39.065124382366406, 39.065124382366406, 39.065124382366406], "gen_time": [0.2983027685690146, 0.2983027685690146, 0.2983027685690146, 0.2983027685690146, 0.2983027685690146, 0.2983027685690146, 0.2983027685690146, 0.2983027685690146, 0.2983027685690146, 0.2983027685690146, 0.2983027685690146, 0.2983027685690146, 0.2983027685690146, 0.2983027685690146, 0.2983027685690146, 0.2983027685690146, 0.2983027685690146, 0.2983027685690146, 0.2983027685690146, 0.2983027685690146, 0.2983027685690146, 0.2983027685690146, 0.2983027685690146, 0.2983027685690146, 0.2983027685690146, 0.2983027685690146, 0.2983027685690146, 0.2983027685690146, 0.2983027685690146, 0.2983027685690146, 0.2983027685690146, 0.2983027685690146, 0.2983027685690146, 0.2983027685690146, 0.2983027685690146, 0.2983027685690146, 0.2983027685690146, 0.2983027685690146, 0.2983027685690146, 0.2983027685690146, 0.2983027685690146, 0.2983027685690146, 0.2983027685690146, 0.2983027685690146, 0.2983027685690146, 0.2983027685690146, 0.2983027685690146, 0.2983027685690146, 0.2983027685690146, 0.2983027685690146, 0.2983027685690146, 0.29867756247236577, 0.2988548259430348, 0.2988548259430348, 0.2988548259430348, 0.2988548259430348, 0.2988548259430348, 0.2988548259430348, 0.2988548259430348, 0.2988548259430348, 0.2988548259430348, 0.2988548259430348, 0.2988548259430348, 0.2988548259430348, 0.2988548259430348, 0.2988548259430348, 0.29879507194100324, 0.29879507194100324, 0.29879507194100324, 0.29879507194100324, 0.2981776698725401, 0.2981776698725401, 0.2981776698725401, 0.2981776698725401, 0.2981776698725401, 0.2981776698725401, 0.2981776698725401, 0.29882922339209045, 0.29882922339209045, 0.29882922339209045, 0.29882922339209045, 0.29882922339209045, 0.29882922339209045, 0.29882922339209045, 0.29882922339209045, 0.29882922339209045, 0.2985221953578748, 0.2985221953578748, 0.2985221953578748, 0.2985221953578748, 0.2985221953578748, 0.2985221953578748, 0.2985221953578748, 0.2985221953578748, 0.2985221953578748, 0.2985221953578748, 0.2985221953578748, 0.2985221953578748, 0.2985221953578748, 0.2985221953578748]}