{
    "DOG_4507": {
        "PSNR": 37.16437389829092,
        "bpp": 0.26981473601714867,
        "genetic_statistic": null,
        "t_dec": 3.026618480682373,
        "t_enc": 515.521950006485
    },
    "DSC07099": {
        "PSNR": 33.95018031575613,
        "bpp": 0.369304,
        "genetic_statistic": null,
        "t_dec": 2.4622318744659424,
        "t_enc": 407.86674785614014
    },
    "DSC07705": {
        "PSNR": 34.554200672888086,
        "bpp": 0.5573306666666666,
        "genetic_statistic": null,
        "t_dec": 2.492358922958374,
        "t_enc": 417.74131321907043
    },
    "DSC08582": {
        "PSNR": 34.778454804205225,
        "bpp": 0.13746933333333333,
        "genetic_statistic": null,
        "t_dec": 2.418970823287964,
        "t_enc": 397.81839895248413
    },
    "DSC08626": {
        "PSNR": 40.70993294694357,
        "bpp": 0.10344,
        "genetic_statistic": null,
        "t_dec": 2.4834842681884766,
        "t_enc": 380.6243772506714
    },
    "DSC08672": {
        "PSNR": 33.49322845914297,
        "bpp": 0.529071955224683,
        "genetic_statistic": null,
        "t_dec": 2.472043752670288,
        "t_enc": 409.6031348705292
    },
    "DSC08796": {
        "PSNR": 33.27083399274282,
        "bpp": 0.9974853333333333,
        "genetic_statistic": null,
        "t_dec": 2.530736207962036,
        "t_enc": 673.8189687728882
    },
    "DSC08892": {
        "PSNR": 36.25302603223257,
        "bpp": 0.339212,
        "genetic_statistic": null,
        "t_dec": 2.4813947677612305,
        "t_enc": 399.40868759155273
    },
    "DSC08902": {
        "PSNR": 37.54458596684866,
        "bpp": 0.17376758025777955,
        "genetic_statistic": null,
        "t_dec": 2.4322779178619385,
        "t_enc": 390.6612136363983
    },
    "DSC08928": {
        "PSNR": 37.13161637761526,
        "bpp": 0.29016,
        "genetic_statistic": null,
        "t_dec": 2.4565179347991943,
        "t_enc": 448.44170904159546
    },
    "DSC08936": {
        "PSNR": 38.74877920129232,
        "bpp": 0.14347866666666667,
        "genetic_statistic": null,
        "t_dec": 2.429374933242798,
        "t_enc": 384.62948656082153
    },
    "DSC_3889": {
        "PSNR": 37.1912877795928,
        "bpp": 0.30043023715435524,
        "genetic_statistic": null,
        "t_dec": 3.112107276916504,
        "t_enc": 484.6427457332611
    },
    "IMG_1813": {
        "PSNR": 33.88962438085012,
        "bpp": 0.3806776147959184,
        "genetic_statistic": null,
        "t_dec": 3.2301442623138428,
        "t_enc": 543.048947095871
    },
    "IMG_3227": {
        "PSNR": 39.03830101468496,
        "bpp": 0.11139402636054421,
        "genetic_statistic": null,
        "t_dec": 3.102057695388794,
        "t_enc": 535.0680108070374
    },
    "IMG_3261": {
        "PSNR": 40.197827720426844,
        "bpp": 0.15795542488356987,
        "genetic_statistic": null,
        "t_dec": 2.9179701805114746,
        "t_enc": 461.3064475059509
    },
    "IMG_3412": {
        "PSNR": 36.830047869467066,
        "bpp": 0.2478231292517007,
        "genetic_statistic": null,
        "t_dec": 2.7973856925964355,
        "t_enc": 649.5085113048553
    },
    "IMG_3515": {
        "PSNR": 36.436931395315455,
        "bpp": 0.297296449829932,
        "genetic_statistic": null,
        "t_dec": 3.2341301441192627,
        "t_enc": 519.1238901615143
    },
    "IMG_3799": {
        "PSNR": 38.03533127286367,
        "bpp": 0.18295333758503401,
        "genetic_statistic": null,
        "t_dec": 3.1787569522857666,
        "t_enc": 513.9365637302399
    },
    "IMG_4684": {
        "PSNR": 37.605770134710596,
        "bpp": 0.28280133928571427,
        "genetic_statistic": null,
        "t_dec": 3.1622679233551025,
        "t_enc": 662.7326526641846
    },
    "IMG_4700": {
        "PSNR": 35.14915158727102,
        "bpp": 0.6528619260204082,
        "genetic_statistic": null,
        "t_dec": 3.3105971813201904,
        "t_enc": 545.6705529689789
    },
    "IMG_6726": {
        "PSNR": 36.965047621511744,
        "bpp": 0.1930266794217687,
        "genetic_statistic": null,
        "t_dec": 3.1391327381134033,
        "t_enc": 628.8791174888611
    },
    "IMG_7136": {
        "PSNR": 35.4625337360137,
        "bpp": 0.16169398276392735,
        "genetic_statistic": null,
        "t_dec": 2.2103676795959473,
        "t_enc": 356.273371219635
    },
    "IMG_8176": {
        "PSNR": 36.78764870145254,
        "bpp": 0.09959980867346939,
        "genetic_statistic": null,
        "t_dec": 3.1536567211151123,
        "t_enc": 639.9165098667145
    },
    "IMG_8795": {
        "PSNR": 41.150673532270716,
        "bpp": 0.06143357839974545,
        "genetic_statistic": null,
        "t_dec": 3.1205694675445557,
        "t_enc": 495.4426221847534
    },
    "avg_bpp": 0.29335340858023745,
    "avg_psnr": 36.76414122559958,
    "avg_t_dec": 2.806464741627375,
    "avg_t_enc": 494.23691377043724
}