{
    "DOG_4507": {
        "PSNR": 39.27313318231039,
        "bpp": 0.4204264555988246,
        "genetic_statistic": null,
        "t_dec": 3.0220797061920166,
        "t_enc": 477.68797969818115
    },
    "DSC07099": {
        "PSNR": 36.17622425534658,
        "bpp": 0.749912,
        "genetic_statistic": null,
        "t_dec": 2.517265796661377,
        "t_enc": 420.8402557373047
    },
    "DSC07705": {
        "PSNR": 37.02264239766531,
        "bpp": 0.9589146666666667,
        "genetic_statistic": null,
        "t_dec": 2.5420897006988525,
        "t_enc": 429.64651346206665
    },
    "DSC08582": {
        "PSNR": 36.79186036565237,
        "bpp": 0.461572,
        "genetic_statistic": null,
        "t_dec": 2.376945972442627,
        "t_enc": 409.45403242111206
    },
    "DSC08626": {
        "PSNR": 42.60938813664846,
        "bpp": 0.16657733333333333,
        "genetic_statistic": null,
        "t_dec": 2.3560433387756348,
        "t_enc": 375.09100365638733
    },
    "DSC08672": {
        "PSNR": 36.41232182958059,
        "bpp": 1.060916380549291,
        "genetic_statistic": null,
        "t_dec": 2.5404787063598633,
        "t_enc": 418.2064878940582
    },
    "DSC08796": {
        "PSNR": 34.80769207456045,
        "bpp": 1.4094373333333334,
        "genetic_statistic": null,
        "t_dec": 2.6284477710723877,
        "t_enc": 443.7562165260315
    },
    "DSC08892": {
        "PSNR": 38.11403801419668,
        "bpp": 0.5466413333333333,
        "genetic_statistic": null,
        "t_dec": 2.458338499069214,
        "t_enc": 403.018203496933
    },
    "DSC08902": {
        "PSNR": 39.1980438468688,
        "bpp": 0.2844189187088923,
        "genetic_statistic": null,
        "t_dec": 2.3685998916625977,
        "t_enc": 381.65122985839844
    },
    "DSC08928": {
        "PSNR": 39.1805033920043,
        "bpp": 0.47071066666666667,
        "genetic_statistic": null,
        "t_dec": 2.441354274749756,
        "t_enc": 395.849737405777
    },
    "DSC08936": {
        "PSNR": 40.37971665837698,
        "bpp": 0.23135733333333333,
        "genetic_statistic": null,
        "t_dec": 2.3806893825531006,
        "t_enc": 378.9061017036438
    },
    "DSC_3889": {
        "PSNR": 39.06462600209646,
        "bpp": 0.4626157768839432,
        "genetic_statistic": null,
        "t_dec": 3.1021292209625244,
        "t_enc": 485.36349177360535
    },
    "IMG_1813": {
        "PSNR": 36.58678939320974,
        "bpp": 0.8309614158163265,
        "genetic_statistic": null,
        "t_dec": 3.290642499923706,
        "t_enc": 550.6757066249847
    },
    "IMG_3227": {
        "PSNR": 40.555443072103785,
        "bpp": 0.1886484906462585,
        "genetic_statistic": null,
        "t_dec": 3.1067912578582764,
        "t_enc": 509.18325304985046
    },
    "IMG_3261": {
        "PSNR": 42.13083376862936,
        "bpp": 0.24492791927511598,
        "genetic_statistic": null,
        "t_dec": 2.9002649784088135,
        "t_enc": 458.2134654521942
    },
    "IMG_3412": {
        "PSNR": 38.54698767640524,
        "bpp": 0.4194028722600151,
        "genetic_statistic": null,
        "t_dec": 2.8520376682281494,
        "t_enc": 454.8380961418152
    },
    "IMG_3515": {
        "PSNR": 38.140300416731165,
        "bpp": 0.48559895833333333,
        "genetic_statistic": null,
        "t_dec": 3.235159158706665,
        "t_enc": 525.3449096679688
    },
    "IMG_3799": {
        "PSNR": 40.126259827398584,
        "bpp": 0.32748990221088436,
        "genetic_statistic": null,
        "t_dec": 3.1544456481933594,
        "t_enc": 506.8444278240204
    },
    "IMG_4684": {
        "PSNR": 40.05113174893789,
        "bpp": 0.47528008078231293,
        "genetic_statistic": null,
        "t_dec": 3.18743634223938,
        "t_enc": 516.9954407215118
    },
    "IMG_4700": {
        "PSNR": 37.97388007619314,
        "bpp": 1.039594494047619,
        "genetic_statistic": null,
        "t_dec": 3.395939588546753,
        "t_enc": 570.3768582344055
    },
    "IMG_6726": {
        "PSNR": 38.27260425069265,
        "bpp": 0.32964551445578233,
        "genetic_statistic": null,
        "t_dec": 3.1427719593048096,
        "t_enc": 527.9757564067841
    },
    "IMG_7136": {
        "PSNR": 37.64190485455923,
        "bpp": 0.4427772647994255,
        "genetic_statistic": null,
        "t_dec": 2.223776340484619,
        "t_enc": 365.5960969924927
    },
    "IMG_8176": {
        "PSNR": 37.84014155843191,
        "bpp": 0.18469972363945578,
        "genetic_statistic": null,
        "t_dec": 3.0896708965301514,
        "t_enc": 511.452068567276
    },
    "IMG_8795": {
        "PSNR": 43.02894701936178,
        "bpp": 0.09881361995390411,
        "genetic_statistic": null,
        "t_dec": 3.0245959758758545,
        "t_enc": 489.38395643234253
    },
    "avg_bpp": 0.5121391856095022,
    "avg_psnr": 38.746892242415086,
    "avg_t_dec": 2.805749773979187,
    "avg_t_enc": 458.5979704062144
}