{"gen_score": [1.6153256719114282, 1.6289726345146178, 1.6350125149772197, 1.6350125149772197, 1.6350125149772197, 1.6350125149772197, 1.6350125149772197, 1.6350125149772197, 1.6350125149772197, 1.6350125149772197, 1.6350125149772197, 1.6350125149772197, 1.6350125149772197, 1.6350125149772197, 1.6350125149772197, 1.6390445736740844, 1.6390445736740844, 1.6390445736740844, 1.6390445736740844, 1.6390445736740844, 1.6390445736740844, 1.6390445736740844, 1.6390445736740844, 1.6390445736740844, 1.6390445736740844, 1.6390445736740844, 1.6390445736740844, 1.6390445736740844, 1.6390445736740844, 1.6390445736740844, 1.6390445736740844, 1.6390445736740844, 1.6390445736740844, 1.6390445736740844, 1.6390445736740844, 1.6390445736740844, 1.6390445736740844, 1.6390445736740844, 1.6390445736740844, 1.6390445736740844, 1.6390445736740844, 1.6390445736740844, 1.6390445736740844, 1.6390445736740844, 1.6390445736740844, 1.6390445736740844, 1.6390445736740844, 1.6391679826103172, 1.6391679826103172, 1.6391679826103172, 1.6391679826103172, 1.6393330195625495, 1.6393330195625495, 1.6396263681409877, 1.6396263681409877, 1.6396263681409877, 1.6396263681409877, 1.6396263681409877, 1.6396263681409877, 1.6396263681409877, 1.6396263681409877, 1.6396263681409877, 1.6396263681409877, 1.6396263681409877, 1.6396263681409877, 1.6396263681409877, 1.6397021140899, 1.6397021140899, 1.6397021140899, 1.6397021140899, 1.6397021140899, 1.6397021140899, 1.639724074089358, 1.639724074089358, 1.639724074089358, 1.639724074089358, 1.639724074089358, 1.639724074089358, 1.639724074089358, 1.639724074089358, 1.639724074089358, 1.639724074089358, 1.639724074089358, 1.6401328092738368, 1.6401328092738368, 1.6401328092738368, 1.6401328092738368, 1.6401328092738368, 1.6401328092738368, 1.6401328092738368, 1.6401328092738368, 1.6401328092738368, 1.6401328092738368, 1.6401328092738368, 1.6402169215297278, 1.6402169215297278, 1.6402169215297278, 1.6402169215297278, 1.6402169215297278, 1.6407480694050989], "gen_psnr": [37.83299255239932, 37.846642681238386, 37.852586507630235, 37.852586507630235, 37.852586507630235, 37.852586507630235, 37.852586507630235, 37.852586507630235, 37.852586507630235, 37.852586507630235, 37.852586507630235, 37.852586507630235, 37.852586507630235, 37.852586507630235, 37.852586507630235, 37.8566083763649, 37.8566083763649, 37.8566083763649, 37.8566083763649, 37.8566083763649, 37.8566083763649, 37.8566083763649, 37.8566083763649, 37.8566083763649, 37.8566083763649, 37.8566083763649, 37.8566083763649, 37.8566083763649, 37.8566083763649, 37.8566083763649, 37.8566083763649, 37.8566083763649, 37.8566083763649, 37.8566083763649, 37.8566083763649, 37.8566083763649, 37.8566083763649, 37.8566083763649, 37.8566083763649, 37.8566083763649, 37.8566083763649, 37.8566083763649, 37.8566083763649, 37.8566083763649, 37.8566083763649, 37.8566083763649, 37.8566083763649, 37.85672612820745, 37.85672612820745, 37.85672612820745, 37.85672612820745, 37.85690465776404, 37.85690465776404, 37.85719090925246, 37.85719090925246, 37.85719090925246, 37.85719090925246, 37.85719090925246, 37.85719090925246, 37.85719090925246, 37.85719090925246, 37.85719090925246, 37.85719090925246, 37.85719090925246, 37.85719090925246, 37.85719090925246, 37.85727108049432, 37.85727108049432, 37.85727108049432, 37.85727108049432, 37.85727108049432, 37.85727108049432, 37.85728839364915, 37.85728839364915, 37.85728839364915, 37.85728839364915, 37.85728839364915, 37.85728839364915, 37.85728839364915, 37.85728839364915, 37.85728839364915, 37.85728839364915, 37.85728839364915, 37.857694247207135, 37.857694247207135, 37.857694247207135, 37.857694247207135, 37.857694247207135, 37.857694247207135, 37.857694247207135, 37.857694247207135, 37.857694247207135, 37.857694247207135, 37.857694247207135, 37.85777457418667, 37.85777457418667, 37.85777457418667, 37.85777457418667, 37.85777457418667, 37.858304758967904], "gen_time": [0.053079574786348144, 0.05308020803352377, 0.05306099721937353, 0.05306099721937353, 0.05306099721937353, 0.05306099721937353, 0.05306099721937353, 0.05306099721937353, 0.05306099721937353, 0.05306099721937353, 0.05306099721937353, 0.05306099721937353, 0.05306099721937353, 0.05306099721937353, 0.05306099721937353, 0.05305895922693422, 0.05305895922693422, 0.05305895922693422, 0.05305895922693422, 0.05305895922693422, 0.05305895922693422, 0.05305895922693422, 0.05305895922693422, 0.05305895922693422, 0.05305895922693422, 0.05305895922693422, 0.05305895922693422, 0.05305895922693422, 0.05305895922693422, 0.05305895922693422, 0.05305895922693422, 0.05305895922693422, 0.05305895922693422, 0.05305895922693422, 0.05305895922693422, 0.05305895922693422, 0.05305895922693422, 0.05305895922693422, 0.05305895922693422, 0.05305895922693422, 0.05305895922693422, 0.05305895922693422, 0.05305895922693422, 0.05305895922693422, 0.05305895922693422, 0.05305895922693422, 0.05305895922693422, 0.05305782780819608, 0.05305782780819608, 0.05305782780819608, 0.05305782780819608, 0.0530605263290681, 0.0530605263290681, 0.05305910691106402, 0.05305910691106402, 0.05305910691106402, 0.05305910691106402, 0.05305910691106402, 0.05305910691106402, 0.05305910691106402, 0.05305910691106402, 0.05305910691106402, 0.05305910691106402, 0.05305910691106402, 0.05305910691106402, 0.05305910691106402, 0.05305999196965436, 0.05305999196965436, 0.05305999196965436, 0.05305999196965436, 0.05305999196965436, 0.05305999196965436, 0.05305906260072746, 0.05305906260072746, 0.05305906260072746, 0.05305906260072746, 0.05305906260072746, 0.05305906260072746, 0.05305906260072746, 0.05305906260072746, 0.05305906260072746, 0.05305906260072746, 0.05305906260072746, 0.05305848627542994, 0.05305848627542994, 0.05305848627542994, 0.05305848627542994, 0.05305848627542994, 0.05305848627542994, 0.05305848627542994, 0.05305848627542994, 0.05305848627542994, 0.05305848627542994, 0.05305848627542994, 0.053057729220158216, 0.053057729220158216, 0.053057729220158216, 0.053057729220158216, 0.053057729220158216, 0.053057536601330876]}