{"gen_score": [0.022938428320983917, 0.03344175607085731, 0.042985758576293165, 0.042985758576293165, 0.042985758576293165, 0.0434641048587423, 0.0434641048587423, 0.0434641048587423, 0.0434641048587423, 0.04414734457278513, 0.04414734457278513, 0.04414734457278513, 0.04414734457278513, 0.04414734457278513, 0.04414734457278513, 0.04414734457278513, 0.04414734457278513, 0.04414734457278513, 0.04414734457278513, 0.04414734457278513, 0.04414734457278513, 0.04414734457278513, 0.04414734457278513, 0.04414734457278513, 0.04414734457278513, 0.04414734457278513, 0.04432655706646926, 0.04432655706646926, 0.04432655706646926, 0.04432655706646926, 0.04432655706646926, 0.04654729090061949, 0.04654729090061949, 0.04683208757040802, 0.04683208757040802, 0.04683208757040802, 0.04683208757040802, 0.04683208757040802, 0.04683208757040802, 0.04683208757040802, 0.04683208757040802, 0.04683208757040802, 0.04683208757040802, 0.04683208757040802, 0.04683208757040802, 0.04683208757040802, 0.046885405777196354, 0.046885405777196354, 0.046885405777196354, 0.04696713904849048, 0.04696713904849048, 0.04696713904849048, 0.04696713904849048, 0.04696713904849048, 0.04696713904849048, 0.04696713904849048, 0.04764147732832669, 0.04764147732832669, 0.04764147732832669, 0.04764147732832669, 0.04764147732832669, 0.04764147732832669, 0.04779365621515552, 0.04779365621515552, 0.04779365621515552, 0.049078233243093905, 0.049078233243093905, 0.049078233243093905, 0.049078233243093905, 0.049078233243093905, 0.04933211442554608, 0.04933211442554608, 0.04933211442554608, 0.04933211442554608, 0.04933211442554608, 0.04933211442554608, 0.04933211442554608, 0.04933211442554608, 0.04933211442554608, 0.04933211442554608, 0.04933211442554608, 0.04933211442554608, 0.04933211442554608, 0.04933211442554608, 0.04933211442554608, 0.04933211442554608, 0.04933211442554608, 0.04933211442554608, 0.04933211442554608, 0.04933211442554608, 0.04933211442554608, 0.04933211442554608, 0.04933211442554608, 0.04933211442554608, 0.04933211442554608, 0.04933211442554608, 0.04933211442554608, 0.04933211442554608, 0.04933211442554608, 0.04933211442554608], "gen_psnr": [37.83299255239932, 37.84297696859934, 37.85256804047166, 37.85256804047166, 37.85256804047166, 37.852937957518144, 37.852937957518144, 37.852937957518144, 37.852937957518144, 37.85318112770107, 37.85318112770107, 37.85318112770107, 37.85318112770107, 37.85318112770107, 37.85318112770107, 37.85318112770107, 37.85318112770107, 37.85318112770107, 37.85318112770107, 37.85318112770107, 37.85318112770107, 37.85318112770107, 37.85318112770107, 37.85318112770107, 37.85318112770107, 37.85318112770107, 37.85354139936446, 37.85354139936446, 37.85354139936446, 37.85354139936446, 37.85354139936446, 37.855785258589336, 37.855785258589336, 37.856047158892416, 37.856047158892416, 37.856047158892416, 37.856047158892416, 37.856047158892416, 37.856047158892416, 37.856047158892416, 37.856047158892416, 37.856047158892416, 37.856047158892416, 37.856047158892416, 37.856047158892416, 37.856047158892416, 37.856231628409304, 37.856231628409304, 37.856231628409304, 37.85639592610846, 37.85639592610846, 37.85639592610846, 37.85639592610846, 37.85639592610846, 37.85639592610846, 37.85639592610846, 37.85695070153403, 37.85695070153403, 37.85695070153403, 37.85695070153403, 37.85695070153403, 37.85695070153403, 37.85711198467884, 37.85711198467884, 37.85711198467884, 37.858415501576225, 37.858415501576225, 37.858415501576225, 37.858415501576225, 37.858415501576225, 37.858593253038606, 37.858593253038606, 37.858593253038606, 37.858593253038606, 37.858593253038606, 37.858593253038606, 37.858593253038606, 37.858593253038606, 37.858593253038606, 37.858593253038606, 37.858593253038606, 37.858593253038606, 37.858593253038606, 37.858593253038606, 37.858593253038606, 37.858593253038606, 37.858593253038606, 37.858593253038606, 37.858593253038606, 37.858593253038606, 37.858593253038606, 37.858593253038606, 37.858593253038606, 37.858593253038606, 37.858593253038606, 37.858593253038606, 37.858593253038606, 37.858593253038606, 37.858593253038606, 37.858593253038606], "gen_time": [0.053079574786348144, 0.05306474874206659, 0.05306609358112052, 0.05306609358112052, 0.05306609358112052, 0.05306299560294993, 0.05306299560294993, 0.05306299560294993, 0.05306299560294993, 0.05305042218777528, 0.05305042218777528, 0.05305042218777528, 0.05305042218777528, 0.05305042218777528, 0.05305042218777528, 0.05305042218777528, 0.05305042218777528, 0.05305042218777528, 0.05305042218777528, 0.05305042218777528, 0.05305042218777528, 0.05305042218777528, 0.05305042218777528, 0.05305042218777528, 0.05305042218777528, 0.05305042218777528, 0.0530555953069097, 0.0530555953069097, 0.0530555953069097, 0.0530555953069097, 0.0530555953069097, 0.053056256032359, 0.053056256032359, 0.053055601850453105, 0.053055601850453105, 0.053055601850453105, 0.053055601850453105, 0.053055601850453105, 0.053055601850453105, 0.053055601850453105, 0.053055601850453105, 0.053055601850453105, 0.053055601850453105, 0.053055601850453105, 0.053055601850453105, 0.053055601850453105, 0.05305934903074161, 0.05305934903074161, 0.05305934903074161, 0.05306170801439498, 0.05306170801439498, 0.05306170801439498, 0.05306170801439498, 0.05306170801439498, 0.05306170801439498, 0.05306170801439498, 0.053058291932844406, 0.053058291932844406, 0.053058291932844406, 0.053058291932844406, 0.053058291932844406, 0.053058291932844406, 0.05305855205450091, 0.05305855205450091, 0.05305855205450091, 0.053059093193627956, 0.053059093193627956, 0.053059093193627956, 0.053059093193627956, 0.053059093193627956, 0.05305691805876881, 0.05305691805876881, 0.05305691805876881, 0.05305691805876881, 0.05305691805876881, 0.05305691805876881, 0.05305691805876881, 0.05305691805876881, 0.05305691805876881, 0.05305691805876881, 0.05305691805876881, 0.05305691805876881, 0.05305691805876881, 0.05305691805876881, 0.05305691805876881, 0.05305691805876881, 0.05305691805876881, 0.05305691805876881, 0.05305691805876881, 0.05305691805876881, 0.05305691805876881, 0.05305691805876881, 0.05305691805876881, 0.05305691805876881, 0.05305691805876881, 0.05305691805876881, 0.05305691805876881, 0.05305691805876881, 0.05305691805876881, 0.05305691805876881]}