{"gen_score": [0.9897776183044584, 1.0014158679180838, 1.0014158679180838, 1.0014158679180838, 1.005999676073536, 1.0149703915546908, 1.0149703915546908, 1.0149703915546908, 1.0149703915546908, 1.0149703915546908, 1.0149703915546908, 1.0166527609912706, 1.0213700302664463, 1.0213700302664463, 1.0213700302664463, 1.0213700302664463, 1.0385035966289493, 1.0385035966289493, 1.0385035966289493, 1.0385035966289493, 1.0385035966289493, 1.0385035966289493, 1.0385035966289493, 1.0385035966289493, 1.0385035966289493, 1.0385035966289493, 1.0385035966289493, 1.0385035966289493, 1.0385035966289493, 1.0385035966289493, 1.0385035966289493, 1.0385035966289493, 1.0385035966289493, 1.0385035966289493, 1.0385035966289493, 1.0385035966289493, 1.0385035966289493, 1.0385035966289493, 1.0385035966289493, 1.0385035966289493, 1.039783727020307, 1.039783727020307, 1.0480186088245347, 1.0480186088245347, 1.0480186088245347, 1.0480186088245347, 1.0480186088245347, 1.0480186088245347, 1.0480186088245347, 1.0480186088245347, 1.0480186088245347, 1.0510547607206036, 1.0510547607206036, 1.0532080317617485, 1.0532080317617485, 1.0532080317617485, 1.0600510816702382, 1.0600510816702382, 1.0616794616576684, 1.0616794616576684, 1.0616794616576684, 1.065690708886713, 1.065690708886713, 1.065690708886713, 1.065690708886713, 1.065690708886713, 1.065690708886713, 1.065690708886713, 1.065690708886713, 1.065690708886713, 1.0671875887332902, 1.0686882073534747, 1.0767088895600168, 1.0767088895600168, 1.0767088895600168, 1.0767088895600168, 1.0767088895600168, 1.0767088895600168, 1.0767088895600168, 1.0767088895600168, 1.0767088895600168, 1.0778583384205191, 1.0778583384205191, 1.0778583384205191, 1.0778583384205191, 1.0778583384205191, 1.0778583384205191, 1.0778583384205191, 1.0778583384205191, 1.0778583384205191, 1.0778583384205191, 1.0799199005371705, 1.080707132422944, 1.0817324679264502, 1.0828169540328503, 1.0828169540328503, 1.0828169540328503, 1.0828169540328503, 1.0828169540328503, 1.0828169540328503], "gen_psnr": [38.04260865534576, 38.054246904959385, 38.054246904959385, 38.054246904959385, 38.05883071311484, 38.06780142859599, 38.06780142859599, 38.06780142859599, 38.06780142859599, 38.06780142859599, 38.06780142859599, 38.06948379803257, 38.07420106730775, 38.07420106730775, 38.07420106730775, 38.07420106730775, 38.09133463367025, 38.09133463367025, 38.09133463367025, 38.09133463367025, 38.09133463367025, 38.09133463367025, 38.09133463367025, 38.09133463367025, 38.09133463367025, 38.09133463367025, 38.09133463367025, 38.09133463367025, 38.09133463367025, 38.09133463367025, 38.09133463367025, 38.09133463367025, 38.09133463367025, 38.09133463367025, 38.09133463367025, 38.09133463367025, 38.09133463367025, 38.09133463367025, 38.09133463367025, 38.09133463367025, 38.09261476406161, 38.09261476406161, 38.100849645865836, 38.100849645865836, 38.100849645865836, 38.100849645865836, 38.100849645865836, 38.100849645865836, 38.100849645865836, 38.100849645865836, 38.100849645865836, 38.103885797761905, 38.103885797761905, 38.10603906880305, 38.10603906880305, 38.10603906880305, 38.11288211871154, 38.11288211871154, 38.11451049869897, 38.11451049869897, 38.11451049869897, 38.118521745928014, 38.118521745928014, 38.118521745928014, 38.118521745928014, 38.118521745928014, 38.118521745928014, 38.118521745928014, 38.118521745928014, 38.118521745928014, 38.12001862577459, 38.121519244394776, 38.12953992660132, 38.12953992660132, 38.12953992660132, 38.12953992660132, 38.12953992660132, 38.12953992660132, 38.12953992660132, 38.12953992660132, 38.12953992660132, 38.13068937546182, 38.13068937546182, 38.13068937546182, 38.13068937546182, 38.13068937546182, 38.13068937546182, 38.13068937546182, 38.13068937546182, 38.13068937546182, 38.13068937546182, 38.13275093757847, 38.133538169464245, 38.13456350496775, 38.13564799107415, 38.13564799107415, 38.13564799107415, 38.13564799107415, 38.13564799107415, 38.13564799107415], "gen_time": [14.000569853360872, 13.33014452158622, 13.33014452158622, 13.33014452158622, 13.004094534722249, 14.234296132745257, 14.234296132745257, 14.234296132745257, 14.234296132745257, 14.234296132745257, 14.234296132745257, 14.658029331063085, 14.367801380990748, 14.367801380990748, 14.367801380990748, 14.367801380990748, 14.364927690920863, 14.364927690920863, 14.364927690920863, 14.364927690920863, 14.364927690920863, 14.364927690920863, 14.364927690920863, 14.364927690920863, 14.364927690920863, 14.364927690920863, 14.364927690920863, 14.364927690920863, 14.364927690920863, 14.364927690920863, 14.364927690920863, 14.364927690920863, 14.364927690920863, 14.364927690920863, 14.364927690920863, 14.364927690920863, 14.364927690920863, 14.364927690920863, 14.364927690920863, 14.364927690920863, 13.91773381806652, 13.91773381806652, 14.849886255726256, 14.849886255726256, 14.849886255726256, 14.849886255726256, 14.849886255726256, 14.849886255726256, 14.849886255726256, 14.849886255726256, 14.849886255726256, 15.091222720846845, 15.091222720846845, 13.392758946545216, 13.392758946545216, 13.392758946545216, 14.779417425893799, 14.779417425893799, 13.31308005218946, 13.31308005218946, 13.31308005218946, 15.349179083225904, 15.349179083225904, 15.349179083225904, 15.349179083225904, 15.349179083225904, 15.349179083225904, 15.349179083225904, 15.349179083225904, 15.349179083225904, 13.977683946582601, 14.86183301248557, 13.746386212187046, 13.746386212187046, 13.746386212187046, 13.746386212187046, 13.746386212187046, 13.746386212187046, 13.746386212187046, 13.746386212187046, 13.746386212187046, 14.944308376253337, 14.944308376253337, 14.944308376253337, 14.944308376253337, 14.944308376253337, 14.944308376253337, 14.944308376253337, 14.944308376253337, 14.944308376253337, 14.944308376253337, 14.118097910084092, 16.108216769272982, 15.437150614025613, 14.704145431449797, 14.704145431449797, 14.704145431449797, 14.704145431449797, 14.704145431449797, 14.704145431449797]}