{"gen_score": [0.5280753346833791, 0.6692078172419045, 0.7598099109162888, 0.8272261141184032, 0.8303561873041403, 0.8645456895588737, 0.8645456895588737, 0.8798653428323675, 0.8798653428323675, 0.8798653428323675, 0.8952386052757575, 0.8952386052757575, 0.8952386052757575, 0.8952386052757575, 0.8952386052757575, 0.8956888075175158, 0.8956888075175158, 0.9023595513394724, 0.9023595513394724, 0.9023595513394724, 0.9023595513394724, 0.9023595513394724, 0.911324977542769, 0.9514324589093235, 0.9514324589093235, 0.9514324589093235, 0.9514324589093235, 0.9514324589093235, 0.9514324589093235, 0.9514324589093235, 0.9514324589093235, 0.9559516690567804, 0.9559516690567804, 0.976955900076689, 0.976955900076689, 0.976955900076689, 0.9774053523862349, 0.9873459773573074, 0.9996162757726808, 1.0233164069435787, 1.0466757207176016, 1.0466757207176016, 1.0466757207176016, 1.0466757207176016, 1.048328007073252, 1.0521134906115108, 1.052336290803666, 1.052336290803666, 1.076652191231993, 1.076652191231993, 1.076652191231993, 1.076652191231993, 1.076652191231993, 1.076652191231993, 1.076652191231993, 1.0808770389292732, 1.0837904632551627, 1.08599993374267, 1.091889089980782, 1.0995674262379964, 1.1025786275223268, 1.1025786275223268, 1.1061630010581567, 1.1106645554240018, 1.1223897564557888, 1.1232401162432026, 1.127587214122208, 1.127587214122208, 1.127587214122208, 1.129141968597061, 1.129141968597061, 1.1378507791733128, 1.1431309991810394, 1.1435550157972685, 1.1456917776164133, 1.1489035045991898, 1.1512003680897394, 1.1512003680897394, 1.158105125883793, 1.1604983310045753, 1.1604983310045753, 1.1604983310045753, 1.1626371156115596, 1.1647945312959322, 1.1647945312959322, 1.1647945312959322, 1.1647945312959322, 1.1647960353750761, 1.1695675529578367, 1.1695675529578367, 1.170758349196916, 1.170758349196916, 1.1744949501127593, 1.1744949501127593, 1.1744949501127593, 1.176108896157352, 1.176108896157352, 1.176108896157352, 1.176108896157352, 1.176108896157352], "gen_psnr": [38.49275309577097, 38.60254701602968, 38.591140160890795, 38.61057114010333, 38.63291572484273, 38.67873240174138, 38.67873240174138, 38.6950176641077, 38.6950176641077, 38.6950176641077, 38.69577113187851, 38.69577113187851, 38.69577113187851, 38.69577113187851, 38.69577113187851, 38.6949146361598, 38.6949146361598, 38.734114058340694, 38.734114058340694, 38.734114058340694, 38.734114058340694, 38.734114058340694, 38.69368277606631, 38.68356672703239, 38.68356672703239, 38.68356672703239, 38.68356672703239, 38.68356672703239, 38.68356672703239, 38.68356672703239, 38.68356672703239, 38.68897190714201, 38.68897190714201, 38.64294308453767, 38.64294308453767, 38.64294308453767, 38.661281879493714, 38.570681787519504, 38.61599791705017, 38.64025116193193, 38.69627618583652, 38.69627618583652, 38.69627618583652, 38.69627618583652, 38.73105935348429, 38.685341031093415, 38.685328458820194, 38.685328458820194, 38.67626572476582, 38.67626572476582, 38.67626572476582, 38.67626572476582, 38.67626572476582, 38.67626572476582, 38.67626572476582, 38.68079525972584, 38.633162107912845, 38.70164469393312, 38.67519166240626, 38.666581128066454, 38.6695579144328, 38.6695579144328, 38.69003617161891, 38.661721688799574, 38.67310115925902, 38.673822028490285, 38.69490432704876, 38.69490432704876, 38.69490432704876, 38.68024814493328, 38.68024814493328, 38.688132411178245, 38.69373432084019, 38.694190071610414, 38.69564602465627, 38.68318819116093, 38.68558040378734, 38.68558040378734, 38.69251633107661, 38.69479559528269, 38.69479559528269, 38.69479559528269, 38.69691195721415, 38.69906542946807, 38.69906542946807, 38.69906542946807, 38.69906542946807, 38.69908155808072, 38.7040300400538, 38.7040300400538, 38.7051333022685, 38.7051333022685, 38.70867556464652, 38.70867556464652, 38.70867556464652, 38.71047821835536, 38.71047821835536, 38.71047821835536, 38.71047821835536, 38.71047821835536], "gen_time": [11.22014510291689, 10.828413074169259, 9.553301214003316, 8.953485914133593, 9.193667308554458, 9.339006991603348, 9.339006991603348, 9.351077105263732, 9.351077105263732, 9.351077105263732, 9.16832967185639, 9.16832967185639, 9.16832967185639, 9.16832967185639, 9.16832967185639, 9.151995947350633, 9.151995947350633, 9.55860442683733, 9.55860442683733, 9.55860442683733, 9.55860442683733, 9.55860442683733, 8.941145570866295, 8.313351440860345, 8.313351440860345, 8.313351440860345, 8.313351440860345, 8.313351440860345, 8.313351440860345, 8.313351440860345, 8.313351440860345, 8.32442606538745, 8.32442606538745, 7.4865128950842905, 7.4865128950842905, 7.4865128950842905, 7.710129678165548, 6.453370716349473, 6.866443605290629, 6.8733575266764, 7.28167890330842, 7.28167890330842, 7.28167890330842, 7.28167890330842, 7.695814919460017, 7.077017345345796, 7.074075189528657, 7.074075189528657, 6.656842258494887, 6.656842258494887, 6.656842258494887, 6.656842258494887, 6.656842258494887, 6.656842258494887, 6.656842258494887, 6.660650849279135, 6.028818647543034, 6.857232591702642, 6.452955244640543, 6.249344362177756, 6.248914175702918, 6.248914175702918, 6.460087721331381, 6.049887256516691, 6.0455656243624185, 6.043946992410539, 6.25313700090393, 6.25313700090393, 6.25313700090393, 6.050500293524782, 6.050500293524782, 6.040193489383691, 6.044214610061474, 6.044611286986366, 6.036101177320248, 5.840231671343797, 5.841423535542005, 5.841423535542005, 5.841813154232223, 5.840388892798466, 5.840388892798466, 5.840388892798466, 5.840108609354352, 5.840059316473713, 5.840059316473713, 5.840059316473713, 5.840059316473713, 5.840242123142548, 5.8424541780215495, 5.8424541780215495, 5.841360002716822, 5.841360002716822, 5.8389307709939855, 5.8389307709939855, 5.8389307709939855, 5.8412896167971935, 5.8412896167971935, 5.8412896167971935, 5.8412896167971935, 5.8412896167971935]}