{
    "DOG_4507": {
        "PSNR": 37.12213804700308,
        "bpp": 0.2699697618304998,
        "genetic_statistic": null,
        "t_dec": 2.075002908706665,
        "t_enc": 1660.7512855529785
    },
    "DSC07099": {
        "PSNR": 33.90147616841726,
        "bpp": 0.36935466666666666,
        "genetic_statistic": null,
        "t_dec": 1.7128753662109375,
        "t_enc": 1406.5841121673584
    },
    "DSC07705": {
        "PSNR": 34.46305086591177,
        "bpp": 0.55776,
        "genetic_statistic": null,
        "t_dec": 1.6434733867645264,
        "t_enc": 1435.428894996643
    },
    "DSC08582": {
        "PSNR": 34.74433829762869,
        "bpp": 0.13751733333333332,
        "genetic_statistic": null,
        "t_dec": 1.5726819038391113,
        "t_enc": 1441.317242860794
    },
    "DSC08626": {
        "PSNR": 40.72225859143667,
        "bpp": 0.10347866666666666,
        "genetic_statistic": null,
        "t_dec": 1.2615344524383545,
        "t_enc": 1009.1549985408783
    },
    "DSC08672": {
        "PSNR": 33.44742467381887,
        "bpp": 0.528626138430055,
        "genetic_statistic": null,
        "t_dec": 1.6629929542541504,
        "t_enc": 1459.9698944091797
    },
    "DSC08796": {
        "PSNR": 33.21676065900259,
        "bpp": 0.997516,
        "genetic_statistic": null,
        "t_dec": 1.3073415756225586,
        "t_enc": 1059.6541633605957
    },
    "DSC08892": {
        "PSNR": 36.20488932111196,
        "bpp": 0.339352,
        "genetic_statistic": null,
        "t_dec": 1.7792716026306152,
        "t_enc": 1430.9679453372955
    },
    "DSC08902": {
        "PSNR": 37.49662568547659,
        "bpp": 0.17376349250653456,
        "genetic_statistic": null,
        "t_dec": 2.0831847190856934,
        "t_enc": 1436.3024227619171
    },
    "DSC08928": {
        "PSNR": 37.076099419378565,
        "bpp": 0.29025066666666666,
        "genetic_statistic": null,
        "t_dec": 1.6837868690490723,
        "t_enc": 1440.918087720871
    },
    "DSC08936": {
        "PSNR": 38.67932965733938,
        "bpp": 0.14342933333333333,
        "genetic_statistic": null,
        "t_dec": 1.834108591079712,
        "t_enc": 1430.2622106075287
    },
    "DSC_3889": {
        "PSNR": 37.14080383756094,
        "bpp": 0.3003970382420346,
        "genetic_statistic": null,
        "t_dec": 2.3555521965026855,
        "t_enc": 1700.668535709381
    },
    "IMG_1813": {
        "PSNR": 33.83584191777639,
        "bpp": 0.3807892219387755,
        "genetic_statistic": null,
        "t_dec": 2.3537514209747314,
        "t_enc": 1887.525060415268
    },
    "IMG_3227": {
        "PSNR": 39.007899069570826,
        "bpp": 0.1111155399659864,
        "genetic_statistic": null,
        "t_dec": 2.1012277603149414,
        "t_enc": 1856.9096665382385
    },
    "IMG_3261": {
        "PSNR": 40.11019518353872,
        "bpp": 0.15805331370950282,
        "genetic_statistic": null,
        "t_dec": 2.167351245880127,
        "t_enc": 1669.3176832199097
    },
    "IMG_3412": {
        "PSNR": 36.76890065648489,
        "bpp": 0.2478798185941043,
        "genetic_statistic": null,
        "t_dec": 1.9330923557281494,
        "t_enc": 1637.2191865444183
    },
    "IMG_3515": {
        "PSNR": 36.36323144414358,
        "bpp": 0.2973421556122449,
        "genetic_statistic": null,
        "t_dec": 2.126514196395874,
        "t_enc": 1788.0591509342194
    },
    "IMG_3799": {
        "PSNR": 37.95674970128469,
        "bpp": 0.18309576955782314,
        "genetic_statistic": null,
        "t_dec": 1.8128104209899902,
        "t_enc": 1739.3407888412476
    },
    "IMG_4684": {
        "PSNR": 37.521958851599024,
        "bpp": 0.2827747661564626,
        "genetic_statistic": null,
        "t_dec": 1.994368314743042,
        "t_enc": 1748.8100237846375
    },
    "IMG_4700": {
        "PSNR": 35.070165896200464,
        "bpp": 0.6525122236394558,
        "genetic_statistic": null,
        "t_dec": 1.9848237037658691,
        "t_enc": 1830.098471879959
    },
    "IMG_6726": {
        "PSNR": 36.923957371496485,
        "bpp": 0.19318505527210883,
        "genetic_statistic": null,
        "t_dec": 2.2423391342163086,
        "t_enc": 1862.1490664482117
    },
    "IMG_7136": {
        "PSNR": 35.42115857579641,
        "bpp": 0.16172444085359597,
        "genetic_statistic": null,
        "t_dec": 1.461796760559082,
        "t_enc": 1286.2917184829712
    },
    "IMG_8176": {
        "PSNR": 36.78343107678823,
        "bpp": 0.09956473214285715,
        "genetic_statistic": null,
        "t_dec": 1.9882140159606934,
        "t_enc": 1794.5452179908752
    },
    "IMG_8795": {
        "PSNR": 41.11695756890707,
        "bpp": 0.062007439353877446,
        "genetic_statistic": null,
        "t_dec": 2.099133253097534,
        "t_enc": 1826.3646566867828
    },
    "avg_bpp": 0.29339414893635773,
    "avg_psnr": 36.712318439069726,
    "avg_t_dec": 1.8848845462004344,
    "avg_t_enc": 1576.60877024134
}