{"gen_score": [1.2169970212470744, 1.3655489696966185, 1.4186804338735115, 1.4409912793828354, 1.464121826981149, 1.464121826981149, 1.4817323203336628, 1.48525731848639, 1.48525731848639, 1.48525731848639, 1.5008452778150883, 1.509097809078284, 1.509097809078284, 1.509097809078284, 1.517324533985871, 1.517324533985871, 1.517324533985871, 1.517324533985871, 1.517324533985871, 1.5184967752374021, 1.5190027740508896, 1.5226405429677285, 1.5355778173296102, 1.5355778173296102, 1.5355778173296102, 1.5355778173296102, 1.5355778173296102, 1.5397844169581347, 1.5397844169581347, 1.5436199150100833, 1.5480666002197836, 1.5480666002197836, 1.550693737112951, 1.550693737112951, 1.5520063027202937, 1.555380197999547, 1.55650468231768, 1.55650468231768, 1.5606626376245174, 1.5606626376245174, 1.5606626376245174, 1.5606626376245174, 1.5606626376245174, 1.5606626376245174, 1.5613863823247343, 1.5685032239647185, 1.5706226696382188, 1.5706226696382188, 1.5706226696382188, 1.5706226696382188, 1.5706226696382188, 1.571781995331314, 1.571781995331314, 1.571781995331314, 1.571781995331314, 1.5718227065183896, 1.5724297959027282, 1.5738938007866068, 1.5765085289210816, 1.5765085289210816, 1.5765085289210816, 1.5765085289210816, 1.5765085289210816, 1.5765085289210816, 1.5765085289210816, 1.5785798607148962, 1.5785798607148962, 1.5785798607148962, 1.5787741415132572, 1.5787741415132572, 1.5787741415132572, 1.5800165457825628, 1.5802534793204046, 1.5804615352654068, 1.5824489439634704, 1.5824794170294183, 1.5824794170294183, 1.5824794170294183, 1.5824794170294183, 1.5824794170294183, 1.5832107583098889, 1.5832107583098889, 1.5832107583098889, 1.5832107583098889, 1.5832107583098889, 1.5832107583098889, 1.5832107583098889, 1.5832524724369037, 1.583294058968825, 1.5847710762434986, 1.5847710762434986, 1.5847710762434986, 1.5852934554638196, 1.5852934554638196, 1.5852934554638196, 1.5852934554638196, 1.58669512842485, 1.58669512842485, 1.58669512842485, 1.58669512842485], "gen_psnr": [38.68532637153515, 38.846584021048216, 38.89453379013678, 38.95807088076166, 38.93997484678563, 38.93997484678563, 38.93286754780067, 38.961111327376585, 38.961111327376585, 38.961111327376585, 38.95249886160827, 38.955306726650164, 38.955306726650164, 38.955306726650164, 38.96927246226666, 38.96927246226666, 38.96927246226666, 38.96927246226666, 38.96927246226666, 38.96439963638224, 38.96454764374673, 38.98091789645135, 38.95180391190715, 38.95180391190715, 38.95180391190715, 38.95180391190715, 38.95180391190715, 38.9618792582411, 38.9618792582411, 38.95947153196108, 38.95151167138336, 38.95151167138336, 38.97908790311958, 38.97908790311958, 38.97432979487694, 38.95991504559134, 38.97282724656343, 38.97282724656343, 39.00073475660063, 39.00073475660063, 39.00073475660063, 39.00073475660063, 39.00073475660063, 39.00073475660063, 39.007211448579554, 38.98467426059141, 38.96833306324298, 38.96833306324298, 38.96833306324298, 38.96833306324298, 38.96833306324298, 39.00553396834371, 39.00553396834371, 39.00553396834371, 39.00553396834371, 38.99360243889401, 38.98828820552977, 38.99577013482797, 39.0045205986067, 39.0045205986067, 39.0045205986067, 39.0045205986067, 39.0045205986067, 39.0045205986067, 39.0045205986067, 39.00069024601359, 39.00069024601359, 39.00069024601359, 38.989015931397034, 38.989015931397034, 38.989015931397034, 38.99620017971949, 39.00229581591771, 39.00239270661596, 39.010356536323, 39.004764068696566, 39.004764068696566, 39.004764068696566, 39.004764068696566, 39.004764068696566, 39.00555021610866, 39.00555021610866, 39.00555021610866, 39.00555021610866, 39.00555021610866, 39.00555021610866, 39.00555021610866, 39.01143822926183, 39.005503470795546, 39.01294760615861, 39.01294760615861, 39.01294760615861, 39.007347520576104, 39.007347520576104, 39.007347520576104, 39.007347520576104, 39.008816362659, 39.008816362659, 39.008816362659, 39.008816362659], "gen_time": [13.836661980477178, 14.274789603357128, 14.09611046238027, 15.51770512153735, 14.096098860353253, 14.096098860353253, 13.24376119354366, 14.096132966757198, 14.096132966757198, 14.096132966757198, 13.261635549618612, 13.073888438539454, 13.073888438539454, 13.073888438539454, 13.271785359536146, 13.271785359536146, 13.271785359536146, 13.271785359536146, 13.271785359536146, 13.063334768641402, 13.050990235917293, 13.490041401013267, 12.039997990458604, 12.039997990458604, 12.039997990458604, 12.039997990458604, 12.039997990458604, 12.242368566507805, 12.242368566507805, 12.027084968853718, 11.599273045149447, 11.599273045149447, 12.459586660427085, 12.459586660427085, 12.250253079393271, 11.636851542674126, 12.043324530741794, 12.043324530741794, 12.862274693857785, 12.862274693857785, 12.862274693857785, 12.862274693857785, 12.862274693857785, 12.862274693857785, 13.060652186226948, 12.038099440429502, 11.401525543121547, 11.401525543121547, 11.401525543121547, 11.401525543121547, 11.401525543121547, 12.644338626143467, 12.644338626143467, 12.644338626143467, 12.644338626143467, 12.23150274211645, 12.027319199062255, 12.234833834038879, 12.446410925220112, 12.446410925220112, 12.446410925220112, 12.446410925220112, 12.446410925220112, 12.446410925220112, 12.446410925220112, 12.242904567050239, 12.242904567050239, 12.242904567050239, 11.833642656190975, 11.833642656190975, 11.833642656190975, 12.038533830437377, 12.240558060105885, 12.236724775734995, 12.442808258803245, 12.248913752169258, 12.248913752169258, 12.248913752169258, 12.248913752169258, 12.248913752169258, 12.250803618777056, 12.250803618777056, 12.250803618777056, 12.250803618777056, 12.250803618777056, 12.250803618777056, 12.250803618777056, 12.452400136920176, 12.246319274913072, 12.452081967616373, 12.452081967616373, 12.452081967616373, 12.240962491656653, 12.240962491656653, 12.240962491656653, 12.240962491656653, 12.243278668272815, 12.243278668272815, 12.243278668272815, 12.243278668272815]}