{"gen_score": [1.1778274648256755, 1.3346397489072857, 1.3648354636261217, 1.3861255573110114, 1.4005349598297911, 1.4272134757579664, 1.4272134757579664, 1.4487792068397454, 1.4673663877111593, 1.4673663877111593, 1.4685578434180613, 1.4763323577452425, 1.4805827258597404, 1.4810573076029456, 1.4913224853169424, 1.5019084477667946, 1.5019084477667946, 1.5060622215167214, 1.5060622215167214, 1.520333516569032, 1.520333516569032, 1.52673800272607, 1.52673800272607, 1.52673800272607, 1.5282554702518567, 1.536011425142405, 1.536011425142405, 1.5483066174133668, 1.5483066174133668, 1.5483066174133668, 1.5483066174133668, 1.5483066174133668, 1.5483066174133668, 1.5483066174133668, 1.549185600838804, 1.5538937686228635, 1.5538937686228635, 1.5538937686228635, 1.5538937686228635, 1.5542058978177309, 1.5542058978177309, 1.5566730685823629, 1.5566730685823629, 1.5566730685823629, 1.5629089982073552, 1.5629089982073552, 1.5629089982073552, 1.5683799857548095, 1.5683799857548095, 1.5683799857548095, 1.5683799857548095, 1.5683799857548095, 1.5683799857548095, 1.5687394254811906, 1.5690589892479352, 1.5740852712778732, 1.5740852712778732, 1.5740852712778732, 1.5797807466648734, 1.5797807466648734, 1.5797807466648734, 1.5797807466648734, 1.5805436123540915, 1.5805436123540915, 1.5805436123540915, 1.5805436123540915, 1.5805436123540915, 1.5810225881322424, 1.581433185204311, 1.581433185204311, 1.581433185204311, 1.582897157370688, 1.5857835458936478, 1.5859294833134001, 1.5874310157259828, 1.5874310157259828, 1.5874310157259828, 1.5874310157259828, 1.5874310157259828, 1.5874310157259828, 1.5874310157259828, 1.5874310157259828, 1.5874310157259828, 1.5874310157259828, 1.587457616213193, 1.5897545448505852, 1.5897545448505852, 1.5897545448505852, 1.5897545448505852, 1.5897545448505852, 1.5897545448505852, 1.5897545448505852, 1.5913701904385391, 1.5913701904385391, 1.5913701904385391, 1.5913701904385391, 1.5913701904385391, 1.5913701904385391, 1.5932726065786653, 1.5932726065786653], "gen_psnr": [38.66073982402312, 38.836960669039854, 38.87282607412484, 38.876274721199366, 38.907440085949105, 38.880186295549784, 38.880186295549784, 38.90745210912231, 38.9258885130878, 38.9258885130878, 38.95786956556534, 38.91092860207855, 38.93952202948534, 38.92237284417854, 38.92558124571662, 38.94872733617636, 38.94872733617636, 38.935172563540526, 38.935172563540526, 38.918993114705884, 38.918993114705884, 38.967880371910454, 38.967880371910454, 38.967880371910454, 38.95136704084578, 38.93499944841904, 38.93499944841904, 38.96544058281157, 38.96544058281157, 38.96544058281157, 38.96544058281157, 38.96544058281157, 38.96544058281157, 38.96544058281157, 38.959895629053925, 38.94062522583595, 38.94062522583595, 38.94062522583595, 38.94062522583595, 39.00175219155458, 39.00175219155458, 38.97361255609843, 38.97361255609843, 38.97361255609843, 38.97974573169678, 38.97974573169678, 38.97974573169678, 38.98594195400757, 38.98594195400757, 38.98594195400757, 38.98594195400757, 38.98594195400757, 38.98594195400757, 38.96180199328037, 38.98005685430673, 38.97913129167189, 38.97913129167189, 38.97913129167189, 38.99127247708367, 38.99127247708367, 38.99127247708367, 38.99127247708367, 38.985688976387934, 38.985688976387934, 38.985688976387934, 38.985688976387934, 38.985688976387934, 39.01029112359015, 38.974551925840665, 38.974551925840665, 38.974551925840665, 38.9823226512031, 39.002907285704545, 38.991005622168295, 38.98655013469208, 38.98655013469208, 38.98655013469208, 38.98655013469208, 38.98655013469208, 38.98655013469208, 38.98655013469208, 38.98655013469208, 38.98655013469208, 38.98655013469208, 38.99246715948807, 38.98293264983275, 38.98293264983275, 38.98293264983275, 38.98293264983275, 38.98293264983275, 38.98293264983275, 38.98293264983275, 38.99636793094658, 38.99636793094658, 38.99636793094658, 38.99636793094658, 38.99636793094658, 38.99636793094658, 39.00427023184665, 39.00427023184665], "gen_time": [14.339524356662151, 15.00878507856313, 15.204291642913123, 14.589069346003912, 15.166861147071522, 13.307126446123322, 13.307126446123322, 13.503681014769981, 13.498481811117268, 13.498481811117268, 14.56019204458748, 12.673451430312733, 13.51286726797783, 12.905151162805431, 12.661814053291081, 13.09492191570108, 13.09492191570108, 12.484282385157409, 12.484282385157409, 11.43425673388336, 11.43425673388336, 12.899179873453281, 12.899179873453281, 12.899179873453281, 12.27742819792016, 11.44558173870337, 11.44558173870337, 12.071303880826235, 12.071303880826235, 12.071303880826235, 12.071303880826235, 12.071303880826235, 12.071303880826235, 12.071303880826235, 11.849788805547698, 11.022941529615617, 11.022941529615617, 11.022941529615617, 11.022941529615617, 13.120004858021174, 13.120004858021174, 12.064597746959732, 12.064597746959732, 12.064597746959732, 12.061054504661644, 12.061054504661644, 12.061054504661644, 12.086062599949013, 12.086062599949013, 12.086062599949013, 12.086062599949013, 12.086062599949013, 12.086062599949013, 11.241255687756574, 11.859714213950197, 11.654478191026978, 11.654478191026978, 11.654478191026978, 11.87674405395024, 11.87674405395024, 11.87674405395024, 11.87674405395024, 11.657903833779375, 11.657903833779375, 11.657903833779375, 11.657903833779375, 11.657903833779375, 12.48973733116113, 11.243192682141993, 11.243192682141993, 11.243192682141993, 11.46066693028185, 12.070951274367504, 11.655516758643298, 11.450102279719225, 11.450102279719225, 11.450102279719225, 11.450102279719225, 11.450102279719225, 11.450102279719225, 11.450102279719225, 11.450102279719225, 11.450102279719225, 11.450102279719225, 11.653220359332463, 11.245239728549121, 11.245239728549121, 11.245239728549121, 11.245239728549121, 11.245239728549121, 11.245239728549121, 11.245239728549121, 11.652813367372532, 11.652813367372532, 11.652813367372532, 11.652813367372532, 11.652813367372532, 11.652813367372532, 11.859705945301549, 11.859705945301549]}