{"gen_score": [1.214168423128413, 1.2522394148853948, 1.3296606408267735, 1.3342882967998975, 1.3342882967998975, 1.3659123311007022, 1.3659123311007022, 1.3659123311007022, 1.3659123311007022, 1.3659123311007022, 1.3780590448441714, 1.3780590448441714, 1.3780590448441714, 1.3780590448441714, 1.3780590448441714, 1.3939645777875995, 1.399833264167718, 1.399833264167718, 1.4053118217535427, 1.4053118217535427, 1.4053118217535427, 1.4053118217535427, 1.406514673063107, 1.415242106976251, 1.415242106976251, 1.4177594913663185, 1.4177594913663185, 1.4177594913663185, 1.4210257108246438, 1.4274751771836236, 1.431921664832558, 1.431921664832558, 1.4419634385176394, 1.4467449516976814, 1.4467449516976814, 1.4467449516976814, 1.4467449516976814, 1.4488186498865545, 1.47013135835482, 1.47013135835482, 1.47013135835482, 1.4742392762521774, 1.4742392762521774, 1.4742392762521774, 1.4742392762521774, 1.4742392762521774, 1.4742392762521774, 1.4742392762521774, 1.478136320251771, 1.478136320251771, 1.478136320251771, 1.482762465182276, 1.4837737693341921, 1.4878657181849988, 1.4878657181849988, 1.4908035753919293, 1.4918494557385245, 1.4926880800840294, 1.4926880800840294, 1.493359355051517, 1.4939761951131345, 1.5004398907815641, 1.5004398907815641, 1.5197123728348956, 1.5197123728348956, 1.5197123728348956, 1.5197123728348956, 1.5197123728348956, 1.5197123728348956, 1.5197123728348956, 1.5197123728348956, 1.5197123728348956, 1.5197123728348956, 1.5197123728348956, 1.521034715145035, 1.521034715145035, 1.521034715145035, 1.5264703306228498, 1.5264703306228498, 1.5264703306228498, 1.5264703306228498, 1.5264703306228498, 1.5264703306228498, 1.5342051228947469, 1.5342051228947469, 1.5342051228947469, 1.5342051228947469, 1.5342051228947469, 1.5342051228947469, 1.5342051228947469, 1.5342051228947469, 1.5342051228947469, 1.5342051228947469, 1.5342051228947469, 1.5409191353260354, 1.5409191353260354, 1.5409191353260354, 1.5413384516690627, 1.5413384516690627, 1.5413384516690627], "gen_psnr": [38.69023422193675, 38.74681336516928, 38.82596621216678, 38.83555618829032, 38.83555618829032, 38.908976009728704, 38.908976009728704, 38.908976009728704, 38.908976009728704, 38.908976009728704, 38.80756491620868, 38.80756491620868, 38.80756491620868, 38.80756491620868, 38.80756491620868, 38.90129063870616, 38.92472421431497, 38.92472421431497, 38.90771213604889, 38.90771213604889, 38.90771213604889, 38.90771213604889, 38.91479317801644, 38.89317025480683, 38.89317025480683, 38.94984150135113, 38.94984150135113, 38.94984150135113, 38.958373200978244, 38.90526564440662, 38.953437102754926, 38.953437102754926, 38.91943001728925, 38.9492512371791, 38.9492512371791, 38.9492512371791, 38.9492512371791, 38.902156645295, 38.929687543548766, 38.929687543548766, 38.929687543548766, 38.8977070582349, 38.8977070582349, 38.8977070582349, 38.8977070582349, 38.8977070582349, 38.8977070582349, 38.8977070582349, 38.95576163016325, 38.95576163016325, 38.95576163016325, 38.94186312107508, 38.94278023911818, 38.91092382314466, 38.91092382314466, 38.96265717144108, 38.96214345306629, 38.95772430744974, 38.95772430744974, 38.97061212454843, 38.93476764691964, 38.952849402080496, 38.952849402080496, 38.94945059041268, 38.94945059041268, 38.94945059041268, 38.94945059041268, 38.94945059041268, 38.94945059041268, 38.94945059041268, 38.94945059041268, 38.94945059041268, 38.94945059041268, 38.94945059041268, 38.99785389003724, 38.99785389003724, 38.99785389003724, 39.00394825434313, 39.00394825434313, 39.00394825434313, 39.00394825434313, 39.00394825434313, 39.00394825434313, 38.96908536468198, 38.96908536468198, 38.96908536468198, 38.96908536468198, 38.96908536468198, 38.96908536468198, 38.96908536468198, 38.96908536468198, 38.96908536468198, 38.96908536468198, 38.96908536468198, 39.00038102064928, 39.00038102064928, 39.00038102064928, 38.98850515796879, 38.98850515796879, 38.98850515796879], "gen_time": [14.103436067382573, 14.741648187229215, 14.801359258130107, 14.9724737460752, 14.9724737460752, 16.41370778530214, 16.41370778530214, 16.41370778530214, 16.41370778530214, 16.41370778530214, 12.49792132794039, 12.49792132794039, 12.49792132794039, 12.49792132794039, 12.49792132794039, 15.181376140149032, 15.78706197562123, 15.78706197562123, 15.011522808314128, 15.011522808314128, 15.011522808314128, 15.011522808314128, 15.214219037899742, 14.167654999184249, 14.167654999184249, 16.03502955622657, 16.03502955622657, 16.03502955622657, 16.216597837909, 14.162907392026183, 15.670665002349198, 15.670665002349198, 14.151738824737038, 15.015176987144027, 15.015176987144027, 15.015176987144027, 15.015176987144027, 13.319718708765688, 13.534139046196872, 13.534139046196872, 13.534139046196872, 12.28971134925803, 12.28971134925803, 12.28971134925803, 12.28971134925803, 12.28971134925803, 12.28971134925803, 12.28971134925803, 14.157212312318677, 14.157212312318677, 14.157212312318677, 13.51843113926101, 13.51518334240508, 12.275584555359366, 12.275584555359366, 13.9581876963764, 13.904408430121736, 13.72310601763687, 13.72310601763687, 14.144366091126644, 12.887079274215967, 13.287702015334167, 13.287702015334167, 12.505933266329228, 12.505933266329228, 12.505933266329228, 12.505933266329228, 12.505933266329228, 12.505933266329228, 12.505933266329228, 12.505933266329228, 12.505933266329228, 12.505933266329228, 12.505933266329228, 14.129414553033369, 14.129414553033369, 14.129414553033369, 14.152130029863367, 14.152130029863367, 14.152130029863367, 14.152130029863367, 14.152130029863367, 14.152130029863367, 12.683244445965315, 12.683244445965315, 12.683244445965315, 12.683244445965315, 12.683244445965315, 12.683244445965315, 12.683244445965315, 12.683244445965315, 12.683244445965315, 12.683244445965315, 12.683244445965315, 13.530887326517327, 13.530887326517327, 13.530887326517327, 13.106915636051397, 13.106915636051397, 13.106915636051397]}