{"gen_score": [0.48997153046263264, 0.6631816981818162, 0.7284870835690214, 0.7990938446884215, 0.8179721652646563, 0.8392860042924113, 0.8920430537288055, 0.9011695610603638, 0.9075408286246898, 0.9075408286246898, 0.9075408286246898, 0.9075408286246898, 0.9428399012914213, 0.9750745049864165, 0.9750745049864165, 0.9750745049864165, 0.9750745049864165, 0.9837421837029297, 0.9837421837029297, 0.986344925196434, 1.0009600972571988, 1.0216361125487339, 1.0318410945424432, 1.0318410945424432, 1.0318410945424432, 1.0318410945424432, 1.0318410945424432, 1.0318410945424432, 1.0318410945424432, 1.0318410945424432, 1.0318410945424432, 1.0318410945424432, 1.0318410945424432, 1.0357195683806708, 1.044301784444876, 1.044301784444876, 1.0564885488908047, 1.0665426726575546, 1.0917485465986658, 1.0917485465986658, 1.104169425096238, 1.1053090387110487, 1.1085557907980785, 1.1085557907980785, 1.1128486034786604, 1.1214394880743512, 1.1214394880743512, 1.1214918630124586, 1.1321640584372261, 1.1321640584372261, 1.1321640584372261, 1.1367332999467052, 1.1391389507158252, 1.1437592274526267, 1.1496562024134391, 1.1527114817312594, 1.154510369671499, 1.158141939117236, 1.1607105605009664, 1.1615816782883996, 1.1625160979368232, 1.1625160979368232, 1.165940785242924, 1.165940785242924, 1.165940785242924, 1.1670697685204772, 1.1670697685204772, 1.167806644545557, 1.167806644545557, 1.169694227858571, 1.169694227858571, 1.1707360811712348, 1.172659757937879, 1.173695855692742, 1.173695855692742, 1.173695855692742, 1.1773045661781651, 1.1778336010369657, 1.1778336010369657, 1.1778336010369657, 1.1778336010369657, 1.1832146547859494, 1.1832146547859494, 1.1832146547859494, 1.1832146547859494, 1.1832146547859494, 1.1832146547859494, 1.1832146547859494, 1.1832146547859494, 1.183768734480715, 1.183768734480715, 1.183768734480715, 1.183768734480715, 1.183768734480715, 1.183768734480715, 1.183768734480715, 1.183768734480715, 1.183768734480715, 1.183768734480715, 1.183768734480715], "gen_psnr": [38.33975736339621, 38.594924963965184, 38.62613528120483, 38.59928193198919, 38.56935389430936, 38.60684742021726, 38.659787208516526, 38.634965030805944, 38.64123139630194, 38.64123139630194, 38.64123139630194, 38.64123139630194, 38.66238627577854, 38.64426474770035, 38.64426474770035, 38.64426474770035, 38.64426474770035, 38.652105826920916, 38.652105826920916, 38.65435243989762, 38.65154491256461, 38.63849111605739, 38.632491851303016, 38.632491851303016, 38.632491851303016, 38.632491851303016, 38.632491851303016, 38.632491851303016, 38.632491851303016, 38.632491851303016, 38.632491851303016, 38.632491851303016, 38.632491851303016, 38.63717104788999, 38.59525644058864, 38.59525644058864, 38.639809630493374, 38.65072520274687, 38.65911371256342, 38.65911371256342, 38.65470070388871, 38.67181067310853, 38.691721837858815, 38.691721837858815, 38.69645760707569, 38.65464705978522, 38.65464705978522, 38.67162207322413, 38.69976054053221, 38.69976054053221, 38.69976054053221, 38.68682228659676, 38.655690695986245, 38.677106613897415, 38.682221272150066, 38.68588399445943, 38.687827374888585, 38.69124315452622, 38.71027556378494, 38.69456661776618, 38.69612823575852, 38.69612823575852, 38.699551886641125, 38.699551886641125, 38.699551886641125, 38.70039080297292, 38.70039080297292, 38.701011343881014, 38.701011343881014, 38.70301615521745, 38.70301615521745, 38.704324773274735, 38.70595814951902, 38.70693477142232, 38.70693477142232, 38.70693477142232, 38.710406894165665, 38.694548046294386, 38.694548046294386, 38.694548046294386, 38.694548046294386, 38.71636204836885, 38.71636204836885, 38.71636204836885, 38.71636204836885, 38.71636204836885, 38.71636204836885, 38.71636204836885, 38.71636204836885, 38.717137020743685, 38.717137020743685, 38.717137020743685, 38.717137020743685, 38.717137020743685, 38.717137020743685, 38.717137020743685, 38.717137020743685, 38.717137020743685, 38.717137020743685, 38.717137020743685], "gen_time": [9.783996000991758, 10.808463911614105, 10.382275559769623, 9.164024180581583, 8.553944702380766, 8.756190788382598, 8.758475024168547, 8.334116461141779, 8.33280518528769, 8.33280518528769, 8.33280518528769, 8.33280518528769, 8.156002770410993, 7.526551123246176, 7.526551123246176, 7.526551123246176, 7.526551123246176, 7.51621862954688, 7.51621862954688, 7.511767023086892, 7.293983280664619, 6.872360633180163, 6.669807548829144, 6.669807548829144, 6.669807548829144, 6.669807548829144, 6.669807548829144, 6.669807548829144, 6.669807548829144, 6.669807548829144, 6.669807548829144, 6.669807548829144, 6.669807548829144, 6.679816583188587, 6.0486062911191025, 6.0486062911191025, 6.453186609354154, 6.463954715438445, 6.253737663881433, 6.253737663881433, 6.043314074227866, 6.242943519290579, 6.451248677581237, 6.451248677581237, 6.4567856342849685, 5.82676773570784, 5.82676773570784, 6.038300716967884, 6.256629115509371, 6.256629115509371, 6.256629115509371, 6.037785422447671, 5.618569905202277, 5.828515419881896, 5.818736461029858, 5.8263294984241565, 5.828135654535591, 5.825438281934306, 6.031235630371717, 5.823984832794249, 5.831824812093229, 5.831824812093229, 5.831811856799485, 5.831811856799485, 5.831811856799485, 5.828186019977511, 5.828186019977511, 5.826731831015199, 5.826731831015199, 5.828197181307985, 5.828197181307985, 5.831531740615808, 5.827902984086295, 5.827159535941771, 5.827159535941771, 5.827159535941771, 5.825452189165807, 5.620603655039735, 5.620603655039735, 5.620603655039735, 5.620603655039735, 5.826015509108277, 5.826015509108277, 5.826015509108277, 5.826015509108277, 5.826015509108277, 5.826015509108277, 5.826015509108277, 5.826015509108277, 5.828776667609132, 5.828776667609132, 5.828776667609132, 5.828776667609132, 5.828776667609132, 5.828776667609132, 5.828776667609132, 5.828776667609132, 5.828776667609132, 5.828776667609132, 5.828776667609132]}