{"gen_score": [1.75800155573814, 1.75800155573814, 1.75800155573814, 1.75800155573814, 1.75800155573814, 1.75800155573814, 1.75800155573814, 1.75800155573814, 1.75800155573814, 1.75800155573814, 1.75800155573814, 1.75800155573814, 1.75800155573814, 1.7607700304650393, 1.7607700304650393, 1.7607700304650393, 1.7607700304650393, 1.7607700304650393, 1.7626077365704305, 1.7626077365704305, 1.7626077365704305, 1.7626077365704305, 1.7626077365704305, 1.7626077365704305, 1.7626077365704305, 1.7626077365704305, 1.7626077365704305, 1.7626077365704305, 1.7626077365704305, 1.7626077365704305, 1.7626077365704305, 1.7626077365704305, 1.7657574840530827, 1.7657574840530827, 1.7657574840530827, 1.7657574840530827, 1.7657574840530827, 1.7657574840530827, 1.766728101247331, 1.766728101247331, 1.766728101247331, 1.766728101247331, 1.766728101247331, 1.766728101247331, 1.766728101247331, 1.766728101247331, 1.766728101247331, 1.766728101247331, 1.766728101247331, 1.766728101247331, 1.766728101247331, 1.766728101247331, 1.766728101247331, 1.766728101247331, 1.766728101247331, 1.766728101247331, 1.7715340191815585, 1.7715340191815585, 1.7715340191815585, 1.7715340191815585, 1.7715340191815585, 1.7715340191815585, 1.7715340191815585, 1.7715340191815585, 1.7715340191815585, 1.7715340191815585, 1.7715340191815585, 1.7715340191815585, 1.7715340191815585, 1.7715340191815585, 1.7715340191815585, 1.7715340191815585, 1.7715340191815585, 1.7715340191815585, 1.7715340191815585, 1.7715340191815585, 1.7715340191815585, 1.7715340191815585, 1.7715340191815585, 1.7715340191815585, 1.7715340191815585, 1.7715340191815585, 1.7715340191815585, 1.7715340191815585, 1.7715340191815585, 1.7715340191815585, 1.7715340191815585, 1.7715340191815585, 1.7715340191815585, 1.7715340191815585, 1.7715340191815585, 1.7715340191815585, 1.7715340191815585, 1.7715340191815585, 1.7715340191815585, 1.7715340191815585, 1.7715340191815585, 1.7715340191815585, 1.7715340191815585, 1.7715340191815585], "gen_psnr": [38.805361132367906, 38.805361132367906, 38.805361132367906, 38.805361132367906, 38.805361132367906, 38.805361132367906, 38.805361132367906, 38.805361132367906, 38.805361132367906, 38.805361132367906, 38.805361132367906, 38.805361132367906, 38.805361132367906, 38.8080868240606, 38.8080868240606, 38.8080868240606, 38.8080868240606, 38.8080868240606, 38.81000640906693, 38.81000640906693, 38.81000640906693, 38.81000640906693, 38.81000640906693, 38.81000640906693, 38.81000640906693, 38.81000640906693, 38.81000640906693, 38.81000640906693, 38.81000640906693, 38.81000640906693, 38.81000640906693, 38.81000640906693, 38.81297242015105, 38.81297242015105, 38.81297242015105, 38.81297242015105, 38.81297242015105, 38.81297242015105, 38.81411262863534, 38.81411262863534, 38.81411262863534, 38.81411262863534, 38.81411262863534, 38.81411262863534, 38.81411262863534, 38.81411262863534, 38.81411262863534, 38.81411262863534, 38.81411262863534, 38.81411262863534, 38.81411262863534, 38.81411262863534, 38.81411262863534, 38.81411262863534, 38.81411262863534, 38.81411262863534, 38.81887341816104, 38.81887341816104, 38.81887341816104, 38.81887341816104, 38.81887341816104, 38.81887341816104, 38.81887341816104, 38.81887341816104, 38.81887341816104, 38.81887341816104, 38.81887341816104, 38.81887341816104, 38.81887341816104, 38.81887341816104, 38.81887341816104, 38.81887341816104, 38.81887341816104, 38.81887341816104, 38.81887341816104, 38.81887341816104, 38.81887341816104, 38.81887341816104, 38.81887341816104, 38.81887341816104, 38.81887341816104, 38.81887341816104, 38.81887341816104, 38.81887341816104, 38.81887341816104, 38.81887341816104, 38.81887341816104, 38.81887341816104, 38.81887341816104, 38.81887341816104, 38.81887341816104, 38.81887341816104, 38.81887341816104, 38.81887341816104, 38.81887341816104, 38.81887341816104, 38.81887341816104, 38.81887341816104, 38.81887341816104, 38.81887341816104], "gen_time": [0.05482437955409433, 0.05482437955409433, 0.05482437955409433, 0.05482437955409433, 0.05482437955409433, 0.05482437955409433, 0.05482437955409433, 0.05482437955409433, 0.05482437955409433, 0.05482437955409433, 0.05482437955409433, 0.05482437955409433, 0.05482437955409433, 0.05479585753129611, 0.05479585753129611, 0.05479585753129611, 0.05479585753129611, 0.05479585753129611, 0.054850443465251544, 0.054850443465251544, 0.054850443465251544, 0.054850443465251544, 0.054850443465251544, 0.054850443465251544, 0.054850443465251544, 0.054850443465251544, 0.054850443465251544, 0.054850443465251544, 0.054850443465251544, 0.054850443465251544, 0.054850443465251544, 0.054850443465251544, 0.05472795253289704, 0.05472795253289704, 0.05472795253289704, 0.05472795253289704, 0.05472795253289704, 0.05472795253289704, 0.05484101339292738, 0.05484101339292738, 0.05484101339292738, 0.05484101339292738, 0.05484101339292738, 0.05484101339292738, 0.05484101339292738, 0.05484101339292738, 0.05484101339292738, 0.05484101339292738, 0.05484101339292738, 0.05484101339292738, 0.05484101339292738, 0.05484101339292738, 0.05484101339292738, 0.05484101339292738, 0.05484101339292738, 0.05484101339292738, 0.054810927787241406, 0.054810927787241406, 0.054810927787241406, 0.054810927787241406, 0.054810927787241406, 0.054810927787241406, 0.054810927787241406, 0.054810927787241406, 0.054810927787241406, 0.054810927787241406, 0.054810927787241406, 0.054810927787241406, 0.054810927787241406, 0.054810927787241406, 0.054810927787241406, 0.054810927787241406, 0.054810927787241406, 0.054810927787241406, 0.054810927787241406, 0.054810927787241406, 0.054810927787241406, 0.054810927787241406, 0.054810927787241406, 0.054810927787241406, 0.054810927787241406, 0.054810927787241406, 0.054810927787241406, 0.054810927787241406, 0.054810927787241406, 0.054810927787241406, 0.054810927787241406, 0.054810927787241406, 0.054810927787241406, 0.054810927787241406, 0.054810927787241406, 0.054810927787241406, 0.054810927787241406, 0.054810927787241406, 0.054810927787241406, 0.054810927787241406, 0.054810927787241406, 0.054810927787241406, 0.054810927787241406, 0.054810927787241406]}