{"gen_score": [2.3883209422450733, 2.3883209422450733, 2.3883209422450733, 2.3883209422450733, 2.3883209422450733, 2.3883209422450733, 2.3883209422450733, 2.3883209422450733, 2.3883209422450733, 2.3883209422450733, 2.3883209422450733, 2.3883209422450733, 2.3883209422450733, 2.3883209422450733, 2.3883209422450733, 2.3883209422450733, 2.3883209422450733, 2.3883209422450733, 2.3883209422450733, 2.3883209422450733, 2.3883209422450733, 2.3883209422450733, 2.3883209422450733, 2.3883209422450733, 2.3883209422450733, 2.3883209422450733, 2.3883209422450733, 2.3903335084254422, 2.3903335084254422, 2.3903335084254422, 2.3903335084254422, 2.3903335084254422, 2.3903335084254422, 2.3903335084254422, 2.3903335084254422, 2.3903335084254422, 2.3903335084254422, 2.3903335084254422, 2.3903335084254422, 2.3903335084254422, 2.3903335084254422, 2.3903335084254422, 2.3903335084254422, 2.3903335084254422, 2.3903335084254422, 2.3903335084254422, 2.3903335084254422, 2.3903335084254422, 2.3903335084254422, 2.3903335084254422, 2.3903335084254422, 2.3903335084254422, 2.3903335084254422, 2.3903335084254422, 2.3903335084254422, 2.3903335084254422, 2.3903335084254422, 2.3903335084254422, 2.3903335084254422, 2.3903335084254422, 2.3903335084254422, 2.3903335084254422, 2.3903335084254422, 2.3903335084254422, 2.3903335084254422, 2.3903335084254422, 2.3903335084254422, 2.3903335084254422, 2.3903335084254422, 2.3903335084254422, 2.3903335084254422, 2.3903335084254422, 2.3903335084254422, 2.3903335084254422, 2.3903335084254422, 2.3903335084254422, 2.3903335084254422, 2.3903335084254422, 2.3903335084254422, 2.3903335084254422, 2.3903335084254422, 2.3903335084254422, 2.3915394621681827, 2.3915394621681827, 2.3915394621681827, 2.3915394621681827, 2.3915394621681827, 2.3915394621681827, 2.3915394621681827, 2.3915394621681827, 2.3915394621681827, 2.3915394621681827, 2.3915394621681827, 2.3915394621681827, 2.3915394621681827, 2.3915394621681827, 2.3915394621681827, 2.3915394621681827, 2.3915394621681827, 2.3915394621681827], "gen_psnr": [39.353443949543696, 39.353443949543696, 39.353443949543696, 39.353443949543696, 39.353443949543696, 39.353443949543696, 39.353443949543696, 39.353443949543696, 39.353443949543696, 39.353443949543696, 39.353443949543696, 39.353443949543696, 39.353443949543696, 39.353443949543696, 39.353443949543696, 39.353443949543696, 39.353443949543696, 39.353443949543696, 39.353443949543696, 39.353443949543696, 39.353443949543696, 39.353443949543696, 39.353443949543696, 39.353443949543696, 39.353443949543696, 39.353443949543696, 39.353443949543696, 39.355456515724065, 39.355456515724065, 39.355456515724065, 39.355456515724065, 39.355456515724065, 39.355456515724065, 39.355456515724065, 39.355456515724065, 39.355456515724065, 39.355456515724065, 39.355456515724065, 39.355456515724065, 39.355456515724065, 39.355456515724065, 39.355456515724065, 39.355456515724065, 39.355456515724065, 39.355456515724065, 39.355456515724065, 39.355456515724065, 39.355456515724065, 39.355456515724065, 39.355456515724065, 39.355456515724065, 39.355456515724065, 39.355456515724065, 39.355456515724065, 39.355456515724065, 39.355456515724065, 39.355456515724065, 39.355456515724065, 39.355456515724065, 39.355456515724065, 39.355456515724065, 39.355456515724065, 39.355456515724065, 39.355456515724065, 39.355456515724065, 39.355456515724065, 39.355456515724065, 39.355456515724065, 39.355456515724065, 39.355456515724065, 39.355456515724065, 39.355456515724065, 39.355456515724065, 39.355456515724065, 39.355456515724065, 39.355456515724065, 39.355456515724065, 39.355456515724065, 39.355456515724065, 39.355456515724065, 39.355456515724065, 39.355456515724065, 39.356662469466805, 39.356662469466805, 39.356662469466805, 39.356662469466805, 39.356662469466805, 39.356662469466805, 39.356662469466805, 39.356662469466805, 39.356662469466805, 39.356662469466805, 39.356662469466805, 39.356662469466805, 39.356662469466805, 39.356662469466805, 39.356662469466805, 39.356662469466805, 39.356662469466805, 39.356662469466805], "gen_time": [0.7900178565536997, 0.7900178565536997, 0.7900178565536997, 0.7900178565536997, 0.7900178565536997, 0.7900178565536997, 0.7900178565536997, 0.7900178565536997, 0.7900178565536997, 0.7900178565536997, 0.7900178565536997, 0.7900178565536997, 0.7900178565536997, 0.7900178565536997, 0.7900178565536997, 0.7900178565536997, 0.7900178565536997, 0.7900178565536997, 0.7900178565536997, 0.7900178565536997, 0.7900178565536997, 0.7900178565536997, 0.7900178565536997, 0.7900178565536997, 0.7900178565536997, 0.7900178565536997, 0.7900178565536997, 0.7905001247299024, 0.7905001247299024, 0.7905001247299024, 0.7905001247299024, 0.7905001247299024, 0.7905001247299024, 0.7905001247299024, 0.7905001247299024, 0.7905001247299024, 0.7905001247299024, 0.7905001247299024, 0.7905001247299024, 0.7905001247299024, 0.7905001247299024, 0.7905001247299024, 0.7905001247299024, 0.7905001247299024, 0.7905001247299024, 0.7905001247299024, 0.7905001247299024, 0.7905001247299024, 0.7905001247299024, 0.7905001247299024, 0.7905001247299024, 0.7905001247299024, 0.7905001247299024, 0.7905001247299024, 0.7905001247299024, 0.7905001247299024, 0.7905001247299024, 0.7905001247299024, 0.7905001247299024, 0.7905001247299024, 0.7905001247299024, 0.7905001247299024, 0.7905001247299024, 0.7905001247299024, 0.7905001247299024, 0.7905001247299024, 0.7905001247299024, 0.7905001247299024, 0.7905001247299024, 0.7905001247299024, 0.7905001247299024, 0.7905001247299024, 0.7905001247299024, 0.7905001247299024, 0.7905001247299024, 0.7905001247299024, 0.7905001247299024, 0.7905001247299024, 0.7905001247299024, 0.7905001247299024, 0.7905001247299024, 0.7905001247299024, 0.790436173634333, 0.790436173634333, 0.790436173634333, 0.790436173634333, 0.790436173634333, 0.790436173634333, 0.790436173634333, 0.790436173634333, 0.790436173634333, 0.790436173634333, 0.790436173634333, 0.790436173634333, 0.790436173634333, 0.790436173634333, 0.790436173634333, 0.790436173634333, 0.790436173634333, 0.790436173634333]}