{"gen_score": [1.1590837300442303, 1.2416719242272904, 1.2746340804957157, 1.2746340804957157, 1.2912087597550368, 1.3063570332628558, 1.31684914736298, 1.31684914736298, 1.3184757453696179, 1.3184757453696179, 1.325448209415839, 1.3474122929127788, 1.349765926533685, 1.3569405416373073, 1.377161122200171, 1.377161122200171, 1.377161122200171, 1.377161122200171, 1.383646210148072, 1.383646210148072, 1.383646210148072, 1.383646210148072, 1.3974778729110042, 1.3974778729110042, 1.3974778729110042, 1.3974778729110042, 1.3974778729110042, 1.3974778729110042, 1.3974778729110042, 1.4026022419038569, 1.4252817093948096, 1.4252817093948096, 1.4252817093948096, 1.4327250741458002, 1.4327250741458002, 1.4327250741458002, 1.4327250741458002, 1.4327250741458002, 1.4327250741458002, 1.4327250741458002, 1.4327250741458002, 1.4327250741458002, 1.4327250741458002, 1.4327250741458002, 1.4327250741458002, 1.4348408943800663, 1.4461592860563073, 1.4461592860563073, 1.4461592860563073, 1.4469631542993966, 1.4469631542993966, 1.4518095893811775, 1.4544961155778324, 1.4544961155778324, 1.47390977288444, 1.47390977288444, 1.47390977288444, 1.47390977288444, 1.47390977288444, 1.47390977288444, 1.47390977288444, 1.47390977288444, 1.47390977288444, 1.47390977288444, 1.47390977288444, 1.4778863841044085, 1.4778863841044085, 1.4778863841044085, 1.4778863841044085, 1.4778863841044085, 1.4786449973923368, 1.4844146904396212, 1.4844146904396212, 1.4844146904396212, 1.4844146904396212, 1.4844146904396212, 1.4844146904396212, 1.4850585350082852, 1.4895545996284127, 1.4914332271709796, 1.4914332271709796, 1.4914332271709796, 1.4914332271709796, 1.5086281082564597, 1.5086281082564597, 1.5086281082564597, 1.5086281082564597, 1.5086281082564597, 1.5086281082564597, 1.5086281082564597, 1.5086281082564597, 1.5086281082564597, 1.5086281082564597, 1.5086281082564597, 1.5086281082564597, 1.5086281082564597, 1.5086281082564597, 1.5086281082564597, 1.5099892074565346, 1.5099892074565346], "gen_psnr": [38.709718171883054, 38.69451763877824, 38.738464848617504, 38.738464848617504, 38.841561880429765, 38.84488876447019, 38.829713996227085, 38.829713996227085, 38.837266960108174, 38.837266960108174, 38.84532561532089, 38.82471483119556, 38.8588035953254, 38.858510804283114, 38.83644763312043, 38.83644763312043, 38.83644763312043, 38.83644763312043, 38.8912436982367, 38.8912436982367, 38.8912436982367, 38.8912436982367, 38.86829245496183, 38.86829245496183, 38.86829245496183, 38.86829245496183, 38.86829245496183, 38.86829245496183, 38.86829245496183, 38.89850185714401, 38.96901721929452, 38.96901721929452, 38.96901721929452, 38.891716782011144, 38.891716782011144, 38.891716782011144, 38.891716782011144, 38.891716782011144, 38.891716782011144, 38.891716782011144, 38.891716782011144, 38.891716782011144, 38.891716782011144, 38.891716782011144, 38.891716782011144, 38.906200471695755, 38.917657501866834, 38.917657501866834, 38.917657501866834, 38.89981548568641, 38.89981548568641, 38.935077852091496, 38.91925164297489, 38.91925164297489, 38.963947978219366, 38.963947978219366, 38.963947978219366, 38.963947978219366, 38.963947978219366, 38.963947978219366, 38.963947978219366, 38.963947978219366, 38.963947978219366, 38.963947978219366, 38.963947978219366, 38.938122727108826, 38.938122727108826, 38.938122727108826, 38.938122727108826, 38.938122727108826, 38.931581402747014, 38.94359639978233, 38.94359639978233, 38.94359639978233, 38.94359639978233, 38.94359639978233, 38.94359639978233, 38.93215024696999, 38.94978708656465, 38.914654982629585, 38.914654982629585, 38.914654982629585, 38.914654982629585, 38.985164118933284, 38.985164118933284, 38.985164118933284, 38.985164118933284, 38.985164118933284, 38.985164118933284, 38.985164118933284, 38.985164118933284, 38.985164118933284, 38.985164118933284, 38.985164118933284, 38.985164118933284, 38.985164118933284, 38.985164118933284, 38.985164118933284, 38.92094317615935, 38.92094317615935], "gen_time": [16.674768585675267, 13.302743506783113, 13.681538457501755, 13.681538457501755, 16.66506785587907, 16.25743373631376, 15.372368827926412, 15.372368827926412, 15.576726271873001, 15.576726271873001, 15.614181139683042, 14.146082256156527, 15.240397101292206, 14.982900337640304, 13.52483993331113, 13.52483993331113, 13.52483993331113, 13.52483993331113, 15.190735697737486, 15.190735697737486, 15.190735697737486, 15.190735697737486, 13.922359627468493, 13.922359627468493, 13.922359627468493, 13.922359627468493, 13.922359627468493, 13.922359627468493, 13.922359627468493, 14.787360771928103, 16.436874380878297, 16.436874380878297, 16.436874380878297, 13.514674310727818, 13.514674310727818, 13.514674310727818, 13.514674310727818, 13.514674310727818, 13.514674310727818, 13.514674310727818, 13.514674310727818, 13.514674310727818, 13.514674310727818, 13.514674310727818, 13.514674310727818, 13.941152567636212, 13.945933205389357, 13.945933205389357, 13.945933205389357, 13.30297167354388, 13.30297167354388, 14.351796891589066, 13.713426708373234, 13.713426708373234, 14.5852431889892, 14.5852431889892, 14.5852431889892, 14.5852431889892, 14.5852431889892, 14.5852431889892, 14.5852431889892, 14.5852431889892, 14.5852431889892, 14.5852431889892, 14.5852431889892, 13.557592763799404, 13.557592763799404, 13.557592763799404, 13.557592763799404, 13.557592763799404, 13.305870775877096, 13.521226085809246, 13.521226085809246, 13.521226085809246, 13.521226085809246, 13.521226085809246, 13.521226085809246, 13.104329624395426, 13.55745979593082, 12.281227676012618, 12.281227676012618, 12.281227676012618, 12.281227676012618, 14.119650269744422, 14.119650269744422, 14.119650269744422, 14.119650269744422, 14.119650269744422, 14.119650269744422, 14.119650269744422, 14.119650269744422, 14.119650269744422, 14.119650269744422, 14.119650269744422, 14.119650269744422, 14.119650269744422, 14.119650269744422, 14.119650269744422, 11.858200546502669, 11.858200546502669]}