{
    "w_time=0.0": {
        "avg_bpp": 0.2586873372395833,
        "avg_psnr": 38.24363639333181,
        "avg_t_dec": 0.6641875982284546,
        "kodim23": {
            "PSNR": 38.24363639333181,
            "bpp": 0.2586873372395833,
            "t_dec": 0.6641875982284546
        }
    },
    "w_time=10000.0": {
        "avg_bpp": 0.22383626302083334,
        "avg_psnr": 36.7277388808959,
        "avg_t_dec": 0.052652382850646974,
        "kodim23": {
            "PSNR": 36.7277388808959,
            "bpp": 0.22383626302083334,
            "t_dec": 0.052652382850646974
        }
    },
    "w_time=12.5": {
        "avg_bpp": 0.2550048828125,
        "avg_psnr": 37.790070080541895,
        "avg_t_dec": 0.053479337692260744,
        "kodim23": {
            "PSNR": 37.790070080541895,
            "bpp": 0.2550048828125,
            "t_dec": 0.053479337692260744
        }
    },
    "w_time=35.0": {
        "avg_bpp": 0.2584228515625,
        "avg_psnr": 37.844824099325464,
        "avg_t_dec": 0.05302684307098389,
        "kodim23": {
            "PSNR": 37.844824099325464,
            "bpp": 0.2584228515625,
            "t_dec": 0.05302684307098389
        }
    },
    "w_time=5.0": {
        "avg_bpp": 0.2541910807291667,
        "avg_psnr": 37.78047850110464,
        "avg_t_dec": 0.055159783363342284,
        "kodim23": {
            "PSNR": 37.78047850110464,
            "bpp": 0.2541910807291667,
            "t_dec": 0.055159783363342284
        }
    },
    "w_time=80.0": {
        "avg_bpp": 0.2570393880208333,
        "avg_psnr": 37.827961945318506,
        "avg_t_dec": 0.05334291458129883,
        "kodim23": {
            "PSNR": 37.827961945318506,
            "bpp": 0.2570393880208333,
            "t_dec": 0.05334291458129883
        }
    }
}