{
    "w_time=0.0": {
        "avg_bpp": 0.326171875,
        "avg_psnr": 39.35326149442129,
        "avg_t_dec": 0.7098716497421265,
        "kodim23": {
            "PSNR": 39.35326149442129,
            "bpp": 0.326171875,
            "t_dec": 0.7098716497421265
        }
    },
    "w_time=0.25": {
        "avg_bpp": 0.3260904947916667,
        "avg_psnr": 39.34797992684774,
        "avg_t_dec": 0.86731436252594,
        "kodim23": {
            "PSNR": 39.34797992684774,
            "bpp": 0.3260904947916667,
            "t_dec": 0.86731436252594
        }
    },
    "w_time=0.5": {
        "avg_bpp": 0.3261515299479167,
        "avg_psnr": 39.316729211592005,
        "avg_t_dec": 0.7300355195999145,
        "kodim23": {
            "PSNR": 39.316729211592005,
            "bpp": 0.3261515299479167,
            "t_dec": 0.7300355195999145
        }
    },
    "w_time=0.75": {
        "avg_bpp": 0.3260091145833333,
        "avg_psnr": 39.060896539472864,
        "avg_t_dec": 0.31498093605041505,
        "kodim23": {
            "PSNR": 39.060896539472864,
            "bpp": 0.3260091145833333,
            "t_dec": 0.31498093605041505
        }
    },
    "w_time=1.0": {
        "avg_bpp": 0.326171875,
        "avg_psnr": 39.06767299153738,
        "avg_t_dec": 0.3327656269073486,
        "kodim23": {
            "PSNR": 39.06767299153738,
            "bpp": 0.326171875,
            "t_dec": 0.3327656269073486
        }
    },
    "w_time=1.25": {
        "avg_bpp": 0.3262939453125,
        "avg_psnr": 38.833672904753016,
        "avg_t_dec": 0.06392765045166016,
        "kodim23": {
            "PSNR": 38.833672904753016,
            "bpp": 0.3262939453125,
            "t_dec": 0.06392765045166016
        }
    },
    "w_time=1.5": {
        "avg_bpp": 0.3261311848958333,
        "avg_psnr": 38.82696559407644,
        "avg_t_dec": 0.06827921867370605,
        "kodim23": {
            "PSNR": 38.82696559407644,
            "bpp": 0.3261311848958333,
            "t_dec": 0.06827921867370605
        }
    }
}