{
    "avg_bpp": 2.0056966145833335,
    "avg_psnr": 39.16426947095327,
    "avg_t_dec": 0.5521185398101807,
    "avg_t_enc": 61.025108098983765,
    "kodim01": {
        "PSNR": 39.16426947095327,
        "bpp": 2.0056966145833335,
        "genetic_statistic": null,
        "t_dec": 0.5521185398101807,
        "t_enc": 61.025108098983765
    }
}