{"gen_score": [1.1601067620460626, 1.2759900770020423, 1.2759900770020423, 1.2857116672868045, 1.2857116672868045, 1.2857116672868045, 1.2857116672868045, 1.2914536993331893, 1.2914536993331893, 1.2914536993331893, 1.2951055686830415, 1.311646738368303, 1.311646738368303, 1.311646738368303, 1.311646738368303, 1.311646738368303, 1.311646738368303, 1.311646738368303, 1.311646738368303, 1.3127385153222164, 1.3499954010624933, 1.3499954010624933, 1.3499954010624933, 1.3499954010624933, 1.3499954010624933, 1.3499954010624933, 1.3499954010624933, 1.3499954010624933, 1.3499954010624933, 1.3516370022629758, 1.3516370022629758, 1.3516370022629758, 1.3786740053766948, 1.3786740053766948, 1.3786740053766948, 1.3786740053766948, 1.3786740053766948, 1.3786740053766948, 1.3786740053766948, 1.3786740053766948, 1.3786740053766948, 1.3786740053766948, 1.3786740053766948, 1.3786740053766948, 1.3786740053766948, 1.3786740053766948, 1.3786740053766948, 1.3786740053766948, 1.3786740053766948, 1.3823897259403708, 1.3823897259403708, 1.3823897259403708, 1.3864656163493834, 1.3864656163493834, 1.3864656163493834, 1.3864656163493834, 1.3864656163493834, 1.3864656163493834, 1.3864656163493834, 1.3864656163493834, 1.3864656163493834, 1.3864656163493834, 1.387413702257021, 1.3875234931207814, 1.3875234931207814, 1.3875234931207814, 1.3885363183205115, 1.3885363183205115, 1.399138858785932, 1.399138858785932, 1.399138858785932, 1.399138858785932, 1.4118565811330654, 1.4118565811330654, 1.4118565811330654, 1.4118565811330654, 1.4118565811330654, 1.4118565811330654, 1.4118565811330654, 1.4310057831100735, 1.4310057831100735, 1.4310057831100735, 1.4310057831100735, 1.4348936136374562, 1.4348936136374562, 1.4348936136374562, 1.4348936136374562, 1.4348936136374562, 1.4348936136374562, 1.4348936136374562, 1.4348936136374562, 1.4348936136374562, 1.4348936136374562, 1.4348936136374562, 1.4348936136374562, 1.4348936136374562, 1.4348936136374562, 1.4348936136374562, 1.4348936136374562, 1.4348936136374562], "gen_psnr": [38.63720484136063, 38.748984135649266, 38.748984135649266, 38.79909496948337, 38.79909496948337, 38.79909496948337, 38.79909496948337, 38.79945704362293, 38.79945704362293, 38.79945704362293, 38.77243793340152, 38.83221680558603, 38.83221680558603, 38.83221680558603, 38.83221680558603, 38.83221680558603, 38.83221680558603, 38.83221680558603, 38.83221680558603, 38.80120142973281, 38.88208990226322, 38.88208990226322, 38.88208990226322, 38.88208990226322, 38.88208990226322, 38.88208990226322, 38.88208990226322, 38.88208990226322, 38.88208990226322, 38.80467368244284, 38.80467368244284, 38.80467368244284, 38.94008185435292, 38.94008185435292, 38.94008185435292, 38.94008185435292, 38.94008185435292, 38.94008185435292, 38.94008185435292, 38.94008185435292, 38.94008185435292, 38.94008185435292, 38.94008185435292, 38.94008185435292, 38.94008185435292, 38.94008185435292, 38.94008185435292, 38.94008185435292, 38.94008185435292, 38.93203888062354, 38.93203888062354, 38.93203888062354, 38.94240448234518, 38.94240448234518, 38.94240448234518, 38.94240448234518, 38.94240448234518, 38.94240448234518, 38.94240448234518, 38.94240448234518, 38.94240448234518, 38.94240448234518, 38.83437883648518, 38.89605295598247, 38.89605295598247, 38.89605295598247, 38.90882313329567, 38.90882313329567, 38.852538515476574, 38.852538515476574, 38.852538515476574, 38.852538515476574, 38.88882332415719, 38.88882332415719, 38.88882332415719, 38.88882332415719, 38.88882332415719, 38.88882332415719, 38.88882332415719, 38.95084518207764, 38.95084518207764, 38.95084518207764, 38.95084518207764, 38.929974697839405, 38.929974697839405, 38.929974697839405, 38.929974697839405, 38.929974697839405, 38.929974697839405, 38.929974697839405, 38.929974697839405, 38.929974697839405, 38.929974697839405, 38.929974697839405, 38.929974697839405, 38.929974697839405, 38.929974697839405, 38.929974697839405, 38.929974697839405, 38.929974697839405], "gen_time": [14.139031946907853, 13.99751399286161, 13.99751399286161, 15.39024652904566, 15.39024652904566, 15.39024652904566, 15.39024652904566, 15.204730739155254, 15.204730739155254, 15.204730739155254, 14.147110753939256, 15.638066012534159, 15.638066012534159, 15.638066012534159, 15.638066012534159, 15.638066012534159, 15.638066012534159, 15.638066012534159, 15.638066012534159, 14.530922812287937, 16.035460287809805, 16.035460287809805, 16.035460287809805, 16.035460287809805, 16.035460287809805, 16.035460287809805, 16.035460287809805, 16.035460287809805, 16.035460287809805, 13.309328528469758, 13.309328528469758, 13.309328528469758, 17.046265383516626, 17.046265383516626, 17.046265383516626, 17.046265383516626, 17.046265383516626, 17.046265383516626, 17.046265383516626, 17.046265383516626, 17.046265383516626, 17.046265383516626, 17.046265383516626, 17.046265383516626, 17.046265383516626, 17.046265383516626, 17.046265383516626, 17.046265383516626, 17.046265383516626, 16.640793166514857, 16.640793166514857, 16.640793166514857, 16.857679763502034, 16.857679763502034, 16.857679763502034, 16.857679763502034, 16.857679763502034, 16.857679763502034, 16.857679763502034, 16.857679763502034, 16.857679763502034, 16.857679763502034, 13.099964874962854, 15.22287275887764, 15.22287275887764, 15.22287275887764, 15.62829869382484, 15.62829869382484, 13.321844959875884, 13.321844959875884, 13.321844959875884, 13.321844959875884, 14.134503109306268, 14.134503109306268, 14.134503109306268, 14.134503109306268, 14.134503109306268, 14.134503109306268, 14.134503109306268, 15.612870555632126, 15.612870555632126, 15.612870555632126, 15.612870555632126, 14.759135563714082, 14.759135563714082, 14.759135563714082, 14.759135563714082, 14.759135563714082, 14.759135563714082, 14.759135563714082, 14.759135563714082, 14.759135563714082, 14.759135563714082, 14.759135563714082, 14.759135563714082, 14.759135563714082, 14.759135563714082, 14.759135563714082, 14.759135563714082, 14.759135563714082]}