{"gen_score": [0.9980314885124528, 0.9980314885124528, 1.0007068485225759, 1.0101038940069529, 1.0121190390155448, 1.018251228134325, 1.0192135529603235, 1.0192135529603235, 1.034318463421485, 1.034318463421485, 1.034318463421485, 1.034318463421485, 1.034318463421485, 1.034318463421485, 1.034318463421485, 1.034318463421485, 1.0371838818223154, 1.0408591842939074, 1.0408591842939074, 1.0408591842939074, 1.0408591842939074, 1.0449144927560852, 1.0449144927560852, 1.0471698950427637, 1.0522480860140035, 1.0522480860140035, 1.0522480860140035, 1.0652748242384575, 1.0652748242384575, 1.0652748242384575, 1.0652748242384575, 1.0652748242384575, 1.0652748242384575, 1.0652748242384575, 1.0652748242384575, 1.0652748242384575, 1.0652748242384575, 1.0652748242384575, 1.0709513847248218, 1.0709513847248218, 1.0709513847248218, 1.0709513847248218, 1.0709513847248218, 1.0713801171507384, 1.0713801171507384, 1.0713801171507384, 1.0721951596562675, 1.0730194700702214, 1.0805883252184287, 1.0805883252184287, 1.0805883252184287, 1.0805883252184287, 1.0805883252184287, 1.0805883252184287, 1.0805883252184287, 1.0835690125489066, 1.0835690125489066, 1.0835690125489066, 1.0845149167987387, 1.0845149167987387, 1.0928526792049098, 1.0928526792049098, 1.0928526792049098, 1.0928526792049098, 1.0946894800923843, 1.0946894800923843, 1.0946894800923843, 1.0946894800923843, 1.0946894800923843, 1.0976208963601337, 1.0976208963601337, 1.0976208963601337, 1.0976208963601337, 1.0976208963601337, 1.0976208963601337, 1.0976208963601337, 1.0987242885897643, 1.0987242885897643, 1.0987242885897643, 1.0987242885897643, 1.1019663485759423, 1.1019663485759423, 1.1019663485759423, 1.1032854990227108, 1.1032854990227108, 1.1032854990227108, 1.1032854990227108, 1.1032854990227108, 1.1032854990227108, 1.1032854990227108, 1.1032854990227108, 1.1032854990227108, 1.1032854990227108, 1.1032854990227108, 1.1032854990227108, 1.1032854990227108, 1.1032854990227108, 1.1032854990227108, 1.1032854990227108, 1.1032854990227108], "gen_psnr": [38.050862525553754, 38.050862525553754, 38.05353788556388, 38.062934931048254, 38.064950076056846, 38.071082265175626, 38.072044590001624, 38.072044590001624, 38.087149500462786, 38.087149500462786, 38.087149500462786, 38.087149500462786, 38.087149500462786, 38.087149500462786, 38.087149500462786, 38.087149500462786, 38.090014918863616, 38.09369022133521, 38.09369022133521, 38.09369022133521, 38.09369022133521, 38.097745529797386, 38.097745529797386, 38.100000932084065, 38.105079123055305, 38.105079123055305, 38.105079123055305, 38.11810586127976, 38.11810586127976, 38.11810586127976, 38.11810586127976, 38.11810586127976, 38.11810586127976, 38.11810586127976, 38.11810586127976, 38.11810586127976, 38.11810586127976, 38.11810586127976, 38.12378242176612, 38.12378242176612, 38.12378242176612, 38.12378242176612, 38.12378242176612, 38.12421115419204, 38.12421115419204, 38.12421115419204, 38.12502619669757, 38.12585050711152, 38.13341936225973, 38.13341936225973, 38.13341936225973, 38.13341936225973, 38.13341936225973, 38.13341936225973, 38.13341936225973, 38.13640004959021, 38.13640004959021, 38.13640004959021, 38.13734595384004, 38.13734595384004, 38.14568371624621, 38.14568371624621, 38.14568371624621, 38.14568371624621, 38.147520517133685, 38.147520517133685, 38.147520517133685, 38.147520517133685, 38.147520517133685, 38.150451933401435, 38.150451933401435, 38.150451933401435, 38.150451933401435, 38.150451933401435, 38.150451933401435, 38.150451933401435, 38.151555325631065, 38.151555325631065, 38.151555325631065, 38.151555325631065, 38.15479738561724, 38.15479738561724, 38.15479738561724, 38.15611653606401, 38.15611653606401, 38.15611653606401, 38.15611653606401, 38.15611653606401, 38.15611653606401, 38.15611653606401, 38.15611653606401, 38.15611653606401, 38.15611653606401, 38.15611653606401, 38.15611653606401, 38.15611653606401, 38.15611653606401, 38.15611653606401, 38.15611653606401, 38.15611653606401], "gen_time": [12.507464983705239, 12.507464983705239, 14.08919768228625, 13.91636003458631, 13.374460547172013, 13.913759389104538, 14.263388595873327, 14.263388595873327, 15.520014244289321, 15.520014244289321, 15.520014244289321, 15.520014244289321, 15.520014244289321, 15.520014244289321, 15.520014244289321, 15.520014244289321, 13.045729626127594, 15.161995813954839, 15.161995813954839, 15.161995813954839, 15.161995813954839, 13.558686229866188, 13.558686229866188, 15.521274405049285, 14.09662291033257, 14.09662291033257, 14.09662291033257, 13.931592555647024, 13.931592555647024, 13.931592555647024, 13.931592555647024, 13.931592555647024, 13.931592555647024, 13.931592555647024, 13.931592555647024, 13.931592555647024, 13.931592555647024, 13.931592555647024, 15.693934964113001, 15.693934964113001, 15.693934964113001, 15.693934964113001, 15.693934964113001, 14.808046494286408, 14.808046494286408, 14.808046494286408, 14.627126303090556, 15.161825113445447, 15.339592154890337, 15.339592154890337, 15.339592154890337, 15.339592154890337, 15.339592154890337, 15.339592154890337, 15.339592154890337, 14.806327444174254, 14.806327444174254, 14.806327444174254, 15.691460932641425, 15.691460932641425, 15.852010811284517, 15.852010811284517, 15.852010811284517, 15.852010811284517, 14.988785406905551, 14.988785406905551, 14.988785406905551, 14.988785406905551, 14.988785406905551, 15.343048257840348, 15.343048257840348, 15.343048257840348, 15.343048257840348, 15.343048257840348, 15.343048257840348, 15.343048257840348, 14.624277295983049, 14.624277295983049, 14.624277295983049, 14.624277295983049, 15.508605552029557, 15.508605552029557, 15.508605552029557, 15.695930901197926, 15.695930901197926, 15.695930901197926, 15.695930901197926, 15.695930901197926, 15.695930901197926, 15.695930901197926, 15.695930901197926, 15.695930901197926, 15.695930901197926, 15.695930901197926, 15.695930901197926, 15.695930901197926, 15.695930901197926, 15.695930901197926, 15.695930901197926, 15.695930901197926]}