{"gen_score": [2.1908164781066475, 2.1908164781066475, 2.1908164781066475, 2.1908164781066475, 2.1908164781066475, 2.1908164781066475, 2.1908164781066475, 2.1908164781066475, 2.1908164781066475, 2.1908164781066475, 2.1908164781066475, 2.1908164781066475, 2.1908164781066475, 2.1908164781066475, 2.1908164781066475, 2.1908164781066475, 2.1908164781066475, 2.1908164781066475, 2.1908164781066475, 2.1908164781066475, 2.1908164781066475, 2.1908164781066475, 2.1908164781066475, 2.1908164781066475, 2.1908164781066475, 2.1908164781066475, 2.1908164781066475, 2.1908164781066475, 2.1908164781066475, 2.1908164781066475, 2.1908164781066475, 2.1908164781066475, 2.1908164781066475, 2.1908164781066475, 2.1908164781066475, 2.1908164781066475, 2.1908164781066475, 2.1908164781066475, 2.1911313090680267, 2.1911313090680267, 2.1911313090680267, 2.1911313090680267, 2.1911313090680267, 2.1911313090680267, 2.196412668026852, 2.196412668026852, 2.196412668026852, 2.196412668026852, 2.196412668026852, 2.196412668026852, 2.196412668026852, 2.196412668026852, 2.196412668026852, 2.196412668026852, 2.196412668026852, 2.196412668026852, 2.196412668026852, 2.196412668026852, 2.196412668026852, 2.196412668026852, 2.196412668026852, 2.196412668026852, 2.196412668026852, 2.196412668026852, 2.196412668026852, 2.196412668026852, 2.196412668026852, 2.196412668026852, 2.196412668026852, 2.196412668026852, 2.196412668026852, 2.196412668026852, 2.196412668026852, 2.196412668026852, 2.196412668026852, 2.196412668026852, 2.196412668026852, 2.196412668026852, 2.196412668026852, 2.196412668026852, 2.196412668026852, 2.196412668026852, 2.196412668026852, 2.196412668026852, 2.196412668026852, 2.196412668026852, 2.196412668026852, 2.196412668026852, 2.196412668026852, 2.196412668026852, 2.196412668026852, 2.196412668026852, 2.196412668026852, 2.196412668026852, 2.196412668026852, 2.196412668026852, 2.196412668026852, 2.196412668026852, 2.196412668026852, 2.196412668026852], "gen_psnr": [39.353443949543696, 39.353443949543696, 39.353443949543696, 39.353443949543696, 39.353443949543696, 39.353443949543696, 39.353443949543696, 39.353443949543696, 39.353443949543696, 39.353443949543696, 39.353443949543696, 39.353443949543696, 39.353443949543696, 39.353443949543696, 39.353443949543696, 39.353443949543696, 39.353443949543696, 39.353443949543696, 39.353443949543696, 39.353443949543696, 39.353443949543696, 39.353443949543696, 39.353443949543696, 39.353443949543696, 39.353443949543696, 39.353443949543696, 39.353443949543696, 39.353443949543696, 39.353443949543696, 39.353443949543696, 39.353443949543696, 39.353443949543696, 39.353443949543696, 39.353443949543696, 39.353443949543696, 39.353443949543696, 39.353443949543696, 39.353443949543696, 39.35386303528209, 39.35386303528209, 39.35386303528209, 39.35386303528209, 39.35386303528209, 39.35386303528209, 39.3590184040685, 39.3590184040685, 39.3590184040685, 39.3590184040685, 39.3590184040685, 39.3590184040685, 39.3590184040685, 39.3590184040685, 39.3590184040685, 39.3590184040685, 39.3590184040685, 39.3590184040685, 39.3590184040685, 39.3590184040685, 39.3590184040685, 39.3590184040685, 39.3590184040685, 39.3590184040685, 39.3590184040685, 39.3590184040685, 39.3590184040685, 39.3590184040685, 39.3590184040685, 39.3590184040685, 39.3590184040685, 39.3590184040685, 39.3590184040685, 39.3590184040685, 39.3590184040685, 39.3590184040685, 39.3590184040685, 39.3590184040685, 39.3590184040685, 39.3590184040685, 39.3590184040685, 39.3590184040685, 39.3590184040685, 39.3590184040685, 39.3590184040685, 39.3590184040685, 39.3590184040685, 39.3590184040685, 39.3590184040685, 39.3590184040685, 39.3590184040685, 39.3590184040685, 39.3590184040685, 39.3590184040685, 39.3590184040685, 39.3590184040685, 39.3590184040685, 39.3590184040685, 39.3590184040685, 39.3590184040685, 39.3590184040685, 39.3590184040685], "gen_time": [0.7900178565536997, 0.7900178565536997, 0.7900178565536997, 0.7900178565536997, 0.7900178565536997, 0.7900178565536997, 0.7900178565536997, 0.7900178565536997, 0.7900178565536997, 0.7900178565536997, 0.7900178565536997, 0.7900178565536997, 0.7900178565536997, 0.7900178565536997, 0.7900178565536997, 0.7900178565536997, 0.7900178565536997, 0.7900178565536997, 0.7900178565536997, 0.7900178565536997, 0.7900178565536997, 0.7900178565536997, 0.7900178565536997, 0.7900178565536997, 0.7900178565536997, 0.7900178565536997, 0.7900178565536997, 0.7900178565536997, 0.7900178565536997, 0.7900178565536997, 0.7900178565536997, 0.7900178565536997, 0.7900178565536997, 0.7900178565536997, 0.7900178565536997, 0.7900178565536997, 0.7900178565536997, 0.7900178565536997, 0.7904348756617579, 0.7904348756617579, 0.7904348756617579, 0.7904348756617579, 0.7904348756617579, 0.7904348756617579, 0.7899309149721121, 0.7899309149721121, 0.7899309149721121, 0.7899309149721121, 0.7899309149721121, 0.7899309149721121, 0.7899309149721121, 0.7899309149721121, 0.7899309149721121, 0.7899309149721121, 0.7899309149721121, 0.7899309149721121, 0.7899309149721121, 0.7899309149721121, 0.7899309149721121, 0.7899309149721121, 0.7899309149721121, 0.7899309149721121, 0.7899309149721121, 0.7899309149721121, 0.7899309149721121, 0.7899309149721121, 0.7899309149721121, 0.7899309149721121, 0.7899309149721121, 0.7899309149721121, 0.7899309149721121, 0.7899309149721121, 0.7899309149721121, 0.7899309149721121, 0.7899309149721121, 0.7899309149721121, 0.7899309149721121, 0.7899309149721121, 0.7899309149721121, 0.7899309149721121, 0.7899309149721121, 0.7899309149721121, 0.7899309149721121, 0.7899309149721121, 0.7899309149721121, 0.7899309149721121, 0.7899309149721121, 0.7899309149721121, 0.7899309149721121, 0.7899309149721121, 0.7899309149721121, 0.7899309149721121, 0.7899309149721121, 0.7899309149721121, 0.7899309149721121, 0.7899309149721121, 0.7899309149721121, 0.7899309149721121, 0.7899309149721121, 0.7899309149721121]}