{"gen_score": [1.7717076506266665, 1.7824763727794064, 1.7824763727794064, 1.7824763727794064, 1.7824763727794064, 1.7824763727794064, 1.7824763727794064, 1.7824763727794064, 1.7824763727794064, 1.7824763727794064, 1.7824763727794064, 1.7824763727794064, 1.7824763727794064, 1.7824763727794064, 1.7824763727794064, 1.7824763727794064, 1.7824763727794064, 1.7824763727794064, 1.7824763727794064, 1.7824763727794064, 1.7824763727794064, 1.7824763727794064, 1.7824763727794064, 1.7824763727794064, 1.7824763727794064, 1.7824763727794064, 1.7824763727794064, 1.7824763727794064, 1.7824763727794064, 1.7824763727794064, 1.7824763727794064, 1.7824763727794064, 1.7824763727794064, 1.7824763727794064, 1.7837000185759493, 1.7837000185759493, 1.7837000185759493, 1.7837000185759493, 1.7837000185759493, 1.7837000185759493, 1.7837000185759493, 1.7837000185759493, 1.7837000185759493, 1.7837000185759493, 1.7837000185759493, 1.7837000185759493, 1.7837000185759493, 1.7837000185759493, 1.7837000185759493, 1.7837000185759493, 1.7837000185759493, 1.7837000185759493, 1.7837000185759493, 1.7837000185759493, 1.7837000185759493, 1.7837000185759493, 1.7837000185759493, 1.7837000185759493, 1.7837000185759493, 1.7837000185759493, 1.7837000185759493, 1.7837000185759493, 1.7837000185759493, 1.7837000185759493, 1.7837000185759493, 1.7837000185759493, 1.7837000185759493, 1.7837000185759493, 1.7837000185759493, 1.7837000185759493, 1.7837000185759493, 1.7837000185759493, 1.7837000185759493, 1.7837000185759493, 1.7837000185759493, 1.7837000185759493, 1.7837000185759493, 1.7837000185759493, 1.7837000185759493, 1.7837000185759493, 1.7837000185759493, 1.7837000185759493, 1.7849123853719178, 1.7849123853719178, 1.7849123853719178, 1.7849123853719178, 1.7859681525205602, 1.7859681525205602, 1.7859681525205602, 1.7859681525205602, 1.7859681525205602, 1.7859681525205602, 1.7859681525205602, 1.7859681525205602, 1.7859681525205602, 1.7859681525205602, 1.7859681525205602, 1.7859681525205602, 1.7859681525205602, 1.7859681525205602], "gen_psnr": [38.805361132367906, 38.81612872762256, 38.81612872762256, 38.81612872762256, 38.81612872762256, 38.81612872762256, 38.81612872762256, 38.81612872762256, 38.81612872762256, 38.81612872762256, 38.81612872762256, 38.81612872762256, 38.81612872762256, 38.81612872762256, 38.81612872762256, 38.81612872762256, 38.81612872762256, 38.81612872762256, 38.81612872762256, 38.81612872762256, 38.81612872762256, 38.81612872762256, 38.81612872762256, 38.81612872762256, 38.81612872762256, 38.81612872762256, 38.81612872762256, 38.81612872762256, 38.81612872762256, 38.81612872762256, 38.81612872762256, 38.81612872762256, 38.81612872762256, 38.81612872762256, 38.81727211935203, 38.81727211935203, 38.81727211935203, 38.81727211935203, 38.81727211935203, 38.81727211935203, 38.81727211935203, 38.81727211935203, 38.81727211935203, 38.81727211935203, 38.81727211935203, 38.81727211935203, 38.81727211935203, 38.81727211935203, 38.81727211935203, 38.81727211935203, 38.81727211935203, 38.81727211935203, 38.81727211935203, 38.81727211935203, 38.81727211935203, 38.81727211935203, 38.81727211935203, 38.81727211935203, 38.81727211935203, 38.81727211935203, 38.81727211935203, 38.81727211935203, 38.81727211935203, 38.81727211935203, 38.81727211935203, 38.81727211935203, 38.81727211935203, 38.81727211935203, 38.81727211935203, 38.81727211935203, 38.81727211935203, 38.81727211935203, 38.81727211935203, 38.81727211935203, 38.81727211935203, 38.81727211935203, 38.81727211935203, 38.81727211935203, 38.81727211935203, 38.81727211935203, 38.81727211935203, 38.81727211935203, 38.81850138949008, 38.81850138949008, 38.81850138949008, 38.81850138949008, 38.819603522800435, 38.819603522800435, 38.819603522800435, 38.819603522800435, 38.819603522800435, 38.819603522800435, 38.819603522800435, 38.819603522800435, 38.819603522800435, 38.819603522800435, 38.819603522800435, 38.819603522800435, 38.819603522800435, 38.819603522800435], "gen_time": [0.05482437955409433, 0.0548234780356272, 0.0548234780356272, 0.0548234780356272, 0.0548234780356272, 0.0548234780356272, 0.0548234780356272, 0.0548234780356272, 0.0548234780356272, 0.0548234780356272, 0.0548234780356272, 0.0548234780356272, 0.0548234780356272, 0.0548234780356272, 0.0548234780356272, 0.0548234780356272, 0.0548234780356272, 0.0548234780356272, 0.0548234780356272, 0.0548234780356272, 0.0548234780356272, 0.0548234780356272, 0.0548234780356272, 0.0548234780356272, 0.0548234780356272, 0.0548234780356272, 0.0548234780356272, 0.0548234780356272, 0.0548234780356272, 0.0548234780356272, 0.0548234780356272, 0.0548234780356272, 0.0548234780356272, 0.0548234780356272, 0.05475927478197202, 0.05475927478197202, 0.05475927478197202, 0.05475927478197202, 0.05475927478197202, 0.05475927478197202, 0.05475927478197202, 0.05475927478197202, 0.05475927478197202, 0.05475927478197202, 0.05475927478197202, 0.05475927478197202, 0.05475927478197202, 0.05475927478197202, 0.05475927478197202, 0.05475927478197202, 0.05475927478197202, 0.05475927478197202, 0.05475927478197202, 0.05475927478197202, 0.05475927478197202, 0.05475927478197202, 0.05475927478197202, 0.05475927478197202, 0.05475927478197202, 0.05475927478197202, 0.05475927478197202, 0.05475927478197202, 0.05475927478197202, 0.05475927478197202, 0.05475927478197202, 0.05475927478197202, 0.05475927478197202, 0.05475927478197202, 0.05475927478197202, 0.05475927478197202, 0.05475927478197202, 0.05475927478197202, 0.05475927478197202, 0.05475927478197202, 0.05475927478197202, 0.05475927478197202, 0.05475927478197202, 0.05475927478197202, 0.05475927478197202, 0.05475927478197202, 0.05475927478197202, 0.05475927478197202, 0.05477279745563344, 0.05477279745563344, 0.05477279745563344, 0.05477279745563344, 0.05480989038500233, 0.05480989038500233, 0.05480989038500233, 0.05480989038500233, 0.05480989038500233, 0.05480989038500233, 0.05480989038500233, 0.05480989038500233, 0.05480989038500233, 0.05480989038500233, 0.05480989038500233, 0.05480989038500233, 0.05480989038500233, 0.05480989038500233]}