{"gen_score": [1.2021802730574151, 1.3066793112807673, 1.3744978975418292, 1.37651951456764, 1.3810404460561045, 1.4110402449748989, 1.415318815547316, 1.4275240277507137, 1.4326478079822067, 1.442697595960567, 1.4570706341149489, 1.4666886826818626, 1.4666886826818626, 1.4666886826818626, 1.4666886826818626, 1.4721024061416088, 1.4721024061416088, 1.4781292539017272, 1.4781292539017272, 1.478729746246593, 1.4815334334652022, 1.4935228344528895, 1.4935228344528895, 1.4935228344528895, 1.5164063060270223, 1.5164063060270223, 1.5164063060270223, 1.5164063060270223, 1.5164063060270223, 1.5164063060270223, 1.5164063060270223, 1.517521305104303, 1.519689445657555, 1.5301146810225745, 1.5301146810225745, 1.5301146810225745, 1.5301146810225745, 1.5339722500198576, 1.5341576051435055, 1.5420828665667656, 1.5420828665667656, 1.5420828665667656, 1.5420828665667656, 1.5466797829705357, 1.5466797829705357, 1.5466797829705357, 1.5520685889482095, 1.5520685889482095, 1.5524813060638678, 1.554896422311046, 1.556766719358663, 1.556766719358663, 1.556766719358663, 1.559919994139058, 1.559919994139058, 1.559919994139058, 1.5635207757508738, 1.5635207757508738, 1.5635207757508738, 1.5654516941065424, 1.5654516941065424, 1.5654516941065424, 1.571453306661411, 1.571453306661411, 1.571453306661411, 1.572500874158358, 1.572500874158358, 1.572500874158358, 1.5753839082395942, 1.5753839082395942, 1.5753839082395942, 1.5753839082395942, 1.5771833530154495, 1.5771833530154495, 1.5771833530154495, 1.5771833530154495, 1.5771833530154495, 1.5775870653188377, 1.5775870653188377, 1.5775870653188377, 1.5775870653188377, 1.5775870653188377, 1.5775870653188377, 1.5784920066635166, 1.5784920066635166, 1.579817233455742, 1.579817233455742, 1.579817233455742, 1.5801655609056269, 1.5801655609056269, 1.5801655609056269, 1.583622401046064, 1.583622401046064, 1.583622401046064, 1.583622401046064, 1.583622401046064, 1.583622401046064, 1.583622401046064, 1.583622401046064, 1.5842066126124053], "gen_psnr": [38.680132267529274, 38.78926378573664, 38.8706045165591, 38.88487103733556, 38.943603283962766, 38.865553247115656, 38.917326268387974, 38.86990864093532, 38.910203934675955, 38.9503069413051, 38.87509435706083, 38.981253005195754, 38.981253005195754, 38.981253005195754, 38.981253005195754, 38.914334398938884, 38.914334398938884, 38.92596049161332, 38.92596049161332, 38.93771709540723, 38.92297714699869, 38.928976928189456, 38.928976928189456, 38.928976928189456, 38.93306877700421, 38.93306877700421, 38.93306877700421, 38.93306877700421, 38.93306877700421, 38.93306877700421, 38.93306877700421, 38.958413094311425, 38.94908504997869, 38.959465868355906, 38.959465868355906, 38.959465868355906, 38.959465868355906, 38.95151998482887, 38.95209848187979, 38.97770282498279, 38.97770282498279, 38.97770282498279, 38.97770282498279, 38.95742059583162, 38.95742059583162, 38.95742059583162, 38.970210912092504, 38.970210912092504, 38.96375528844955, 38.99657431686955, 38.949759548441605, 38.949759548441605, 38.949759548441605, 38.971846821980705, 38.971846821980705, 38.971846821980705, 38.98668435739383, 38.98668435739383, 38.98668435739383, 38.98329988452719, 38.98329988452719, 38.98329988452719, 38.965253758543476, 38.965253758543476, 38.965253758543476, 38.971771720323154, 38.971771720323154, 38.971771720323154, 38.96891630167341, 38.96891630167341, 38.96891630167341, 38.96891630167341, 38.96454349755523, 38.96454349755523, 38.96454349755523, 38.96454349755523, 38.96454349755523, 38.964961088273206, 38.964961088273206, 38.964961088273206, 38.964961088273206, 38.964961088273206, 38.964961088273206, 38.99544193615738, 38.99544193615738, 38.98521346338733, 38.98521346338733, 38.98521346338733, 38.97958076305471, 38.97958076305471, 38.97958076305471, 39.000985567694954, 39.000985567694954, 39.000985567694954, 39.000985567694954, 39.000985567694954, 39.000985567694954, 39.000985567694954, 39.000985567694954, 38.97751987051376], "gen_time": [14.168477297159324, 14.328217986263043, 14.79449883320794, 15.216736893575103, 17.086092588014587, 13.360236182293875, 14.997975861600791, 12.942015873461127, 14.154826684121009, 15.191144568630856, 12.101985175574038, 15.430971367574331, 15.430971367574331, 15.430971367574331, 15.430971367574331, 12.936753101484028, 12.936753101484028, 13.12983051232256, 13.12983051232256, 13.514524010565392, 12.909571057905106, 12.703032444218204, 12.703032444218204, 12.703032444218204, 12.055045452515513, 12.055045452515513, 12.055045452515513, 12.055045452515513, 12.055045452515513, 12.055045452515513, 12.055045452515513, 12.890539184582147, 12.494119016099948, 12.492587395830906, 12.492587395830906, 12.492587395830906, 12.492587395830906, 12.08557179154403, 12.099128409725617, 12.708751915923784, 12.708751915923784, 12.708751915923784, 12.708751915923784, 11.850850345063701, 11.850850345063701, 11.850850345063701, 12.10607483758817, 12.10607483758817, 11.869235501084106, 12.917646265664375, 11.238850904438118, 11.238850904438118, 11.238850904438118, 11.891747413358846, 11.891747413358846, 11.891747413358846, 12.27922168236949, 12.27922168236949, 12.27922168236949, 12.095932329876167, 12.095932329876167, 12.095932329876167, 11.26669996647669, 11.26669996647669, 11.26669996647669, 11.455334252088313, 11.455334252088313, 11.455334252088313, 11.257456571709488, 11.257456571709488, 11.257456571709488, 11.257456571709488, 11.044620402949862, 11.044620402949862, 11.044620402949862, 11.044620402949862, 11.044620402949862, 11.045098968969892, 11.045098968969892, 11.045098968969892, 11.045098968969892, 11.045098968969892, 11.045098968969892, 12.064957815159497, 12.064957815159497, 11.666554381977583, 11.666554381977583, 11.666554381977583, 11.460312044649948, 11.460312044649948, 11.460312044649948, 12.079207372229334, 12.079207372229334, 12.079207372229334, 12.079207372229334, 12.079207372229334, 12.079207372229334, 12.079207372229334, 12.079207372229334, 11.249900174038444]}