{"gen_score": [1.2376461178145917, 1.3687693788862845, 1.3687693788862845, 1.3850519202526002, 1.4128460789486468, 1.4347489454141709, 1.4432269692582764, 1.4432269692582764, 1.458170583487167, 1.4668401687397363, 1.4725843089975683, 1.47721583013913, 1.4837478795388463, 1.4837478795388463, 1.4991673300175492, 1.4991673300175492, 1.4991673300175492, 1.4991673300175492, 1.4991673300175492, 1.5061540879023738, 1.5061540879023738, 1.507481364312028, 1.5129557657562174, 1.5129557657562174, 1.5162979229921447, 1.5232163918038069, 1.5232163918038069, 1.5232163918038069, 1.5247788376014455, 1.5247788376014455, 1.5247788376014455, 1.525494027446122, 1.525494027446122, 1.530101767289203, 1.530101767289203, 1.5310621201534644, 1.5310621201534644, 1.5310621201534644, 1.5324563775388214, 1.5332212306263315, 1.533791634942446, 1.533791634942446, 1.533791634942446, 1.5344475185050896, 1.5374699879374418, 1.5374699879374418, 1.5374699879374418, 1.5374699879374418, 1.5374699879374418, 1.5374699879374418, 1.5374699879374418, 1.5374699879374418, 1.5374699879374418, 1.5374699879374418, 1.5374699879374418, 1.5374699879374418, 1.5375400201583034, 1.538231908202782, 1.538231908202782, 1.538231908202782, 1.538231908202782, 1.538231908202782, 1.538231908202782, 1.538231908202782, 1.538231908202782, 1.538231908202782, 1.5383027496359247, 1.5383027496359247, 1.5383027496359247, 1.5388199385848367, 1.5388199385848367, 1.5388199385848367, 1.5388389075348528, 1.5388389075348528, 1.5388389075348528, 1.5388389075348528, 1.5388389075348528, 1.5388389075348528, 1.5388389075348528, 1.5388389075348528, 1.5388389075348528, 1.5388389075348528, 1.5389733458214678, 1.53917594493101, 1.53917594493101, 1.53917594493101, 1.53917594493101, 1.53917594493101, 1.53917594493101, 1.53917594493101, 1.53917594493101, 1.53917594493101, 1.53917594493101, 1.53917594493101, 1.53917594493101, 1.53917594493101, 1.53917594493101, 1.5393562568675208, 1.5393562568675208, 1.5393562568675208], "gen_psnr": [38.742227223033076, 38.87363353103387, 38.87363353103387, 38.889538646576185, 38.93932843384553, 38.909859769056546, 38.93043620704476, 38.93043620704476, 38.90966987417385, 38.94241314974004, 38.91236036089973, 38.91643824036978, 38.89354019041328, 38.89354019041328, 38.878869090661915, 38.878869090661915, 38.878869090661915, 38.878869090661915, 38.878869090661915, 38.957981717784854, 38.957981717784854, 38.91173508784168, 38.93561133363681, 38.93561133363681, 38.914543087369054, 38.921648721159755, 38.921648721159755, 38.921648721159755, 38.922523286207515, 38.922523286207515, 38.922523286207515, 38.94116826154423, 38.94116826154423, 38.93431372606878, 38.93431372606878, 38.95915986707356, 38.95915986707356, 38.95915986707356, 38.96055129918721, 38.95534161915017, 38.95564340878032, 38.95564340878032, 38.95564340878032, 38.950713847675914, 38.96561486950625, 38.96561486950625, 38.96561486950625, 38.96561486950625, 38.96561486950625, 38.96561486950625, 38.96561486950625, 38.96561486950625, 38.96561486950625, 38.96561486950625, 38.96561486950625, 38.96561486950625, 38.95360529289155, 38.96017815826785, 38.96017815826785, 38.96017815826785, 38.96017815826785, 38.96017815826785, 38.96017815826785, 38.96017815826785, 38.96017815826785, 38.96017815826785, 38.960465804334426, 38.960465804334426, 38.960465804334426, 38.96698304684871, 38.96698304684871, 38.96698304684871, 38.96086172365366, 38.96086172365366, 38.96086172365366, 38.96086172365366, 38.96086172365366, 38.96086172365366, 38.96086172365366, 38.96086172365366, 38.96086172365366, 38.96086172365366, 38.955005273937324, 38.96134969796842, 38.96134969796842, 38.96134969796842, 38.96134969796842, 38.96134969796842, 38.96134969796842, 38.96134969796842, 38.96134969796842, 38.96134969796842, 38.96134969796842, 38.96134969796842, 38.96134969796842, 38.96134969796842, 38.96134969796842, 38.96752457420647, 38.96752457420647, 38.96752457420647], "gen_time": [15.08672249531875, 15.096482734253362, 15.096482734253362, 15.083468050667149, 15.841938001470687, 14.070505889245963, 14.487692583870535, 14.487692583870535, 13.256315097670441, 14.086442349864255, 12.85206548441135, 12.832974392289936, 11.818143380006937, 11.818143380006937, 10.780538199659514, 10.780538199659514, 10.780538199659514, 10.780538199659514, 10.780538199659514, 13.26763713890483, 13.26763713890483, 11.627157609496948, 12.261703966425891, 12.261703966425891, 11.419965914574968, 11.426419879369202, 11.426419879369202, 11.426419879369202, 11.402699853511473, 11.402699853511473, 11.402699853511473, 12.0209683187541, 12.0209683187541, 11.625717445701266, 11.625717445701266, 12.449365312615743, 12.449365312615743, 12.449365312615743, 12.449267889453335, 12.243249505848302, 12.2339869304701, 12.2339869304701, 12.2339869304701, 12.04138539022714, 12.45099064533, 12.45099064533, 12.45099064533, 12.45099064533, 12.45099064533, 12.45099064533, 12.45099064533, 12.45099064533, 12.45099064533, 12.45099064533, 12.45099064533, 12.45099064533, 12.03445240962107, 12.237244731408028, 12.237244731408028, 12.237244731408028, 12.237244731408028, 12.237244731408028, 12.237244731408028, 12.237244731408028, 12.237244731408028, 12.237244731408028, 12.24472075325035, 12.24472075325035, 12.24472075325035, 12.451619152056354, 12.451619152056354, 12.451619152056354, 12.239884940157545, 12.239884940157545, 12.239884940157545, 12.239884940157545, 12.239884940157545, 12.239884940157545, 12.239884940157545, 12.239884940157545, 12.239884940157545, 12.239884940157545, 12.03330259522812, 12.24508966148883, 12.24508966148883, 12.24508966148883, 12.24508966148883, 12.24508966148883, 12.24508966148883, 12.24508966148883, 12.24508966148883, 12.24508966148883, 12.24508966148883, 12.24508966148883, 12.24508966148883, 12.24508966148883, 12.24508966148883, 12.451798775335028, 12.451798775335028, 12.451798775335028]}