{"gen_score": [1.1657855390000478, 1.3049672628554703, 1.324551536298607, 1.3526048960309893, 1.3758474885086542, 1.3758474885086542, 1.3848351003108306, 1.3980946127819678, 1.4213464571920724, 1.4497508246437079, 1.4497508246437079, 1.4556134099420177, 1.4598735658941422, 1.4602962394872065, 1.462681342719499, 1.475430419403068, 1.4884339837589238, 1.4964160456637856, 1.4964160456637856, 1.4964160456637856, 1.4970553098988972, 1.5026745956782293, 1.5026745956782293, 1.5092560970103008, 1.5178610257373109, 1.5178610257373109, 1.5254435254149428, 1.5254435254149428, 1.5254435254149428, 1.5254435254149428, 1.5294843577278883, 1.5320746760019404, 1.5387820681426874, 1.5438071740171253, 1.5438071740171253, 1.5508253742930194, 1.5508253742930194, 1.5519861066238718, 1.5519861066238718, 1.5649927446565428, 1.5649927446565428, 1.5649927446565428, 1.566241201675254, 1.566241201675254, 1.566241201675254, 1.5672397272685998, 1.5696275702330666, 1.5696275702330666, 1.5707843283000713, 1.5707843283000713, 1.5753960036320578, 1.5789084291140938, 1.5789084291140938, 1.5819814104279075, 1.5819814104279075, 1.5819814104279075, 1.5832651464105112, 1.5832651464105112, 1.5832651464105112, 1.5833166261889389, 1.5849578736365615, 1.5862942401484688, 1.5862942401484688, 1.5862942401484688, 1.5882621924026026, 1.5882621924026026, 1.5919145490338593, 1.5919145490338593, 1.5919145490338593, 1.5919145490338593, 1.5919145490338593, 1.5919145490338593, 1.5919145490338593, 1.5934112684538917, 1.5943836098539776, 1.5952760476502093, 1.5985671842908857, 1.5985671842908857, 1.5985671842908857, 1.5985671842908857, 1.5985671842908857, 1.5985671842908857, 1.5985671842908857, 1.5985671842908857, 1.5985671842908857, 1.5985671842908857, 1.5985671842908857, 1.5985671842908857, 1.6005455727355624, 1.6016756665541223, 1.6016756665541223, 1.6016756665541223, 1.6016756665541223, 1.6016756665541223, 1.6016756665541223, 1.6016756665541223, 1.6016756665541223, 1.602445019844474, 1.602445019844474, 1.602445019844474], "gen_psnr": [38.69154429530076, 38.87288760852522, 38.80841492168975, 38.87230515053016, 38.865574878343324, 38.865574878343324, 38.88029805166502, 38.91717678135477, 38.91624255565591, 38.96975944955919, 38.96975944955919, 38.94510032999422, 38.93146485082544, 38.9263681874994, 38.91009937687694, 38.9288165560186, 38.91814910636397, 38.919931686126745, 38.919931686126745, 38.919931686126745, 38.938656303059304, 38.91395001211444, 38.91395001211444, 38.92695954379436, 38.9540489850421, 38.9540489850421, 38.97360459705289, 38.97360459705289, 38.97360459705289, 38.97360459705289, 38.97101137766243, 38.956363334170675, 38.956405848075356, 38.97384425666289, 38.97384425666289, 38.98040958352192, 38.98040958352192, 38.95712642644915, 38.95712642644915, 38.95804717919528, 38.95804717919528, 38.95804717919528, 38.95921624137604, 38.95921624137604, 38.95921624137604, 38.966185826111264, 38.963086644448126, 38.963086644448126, 38.96436157851154, 38.96436157851154, 38.962550869661754, 38.972299761974526, 38.972299761974526, 38.981454338313654, 38.981454338313654, 38.981454338313654, 38.97028427575532, 38.97028427575532, 38.97028427575532, 38.9701862225937, 38.98392930529489, 38.97334366845755, 38.97334366845755, 38.97334366845755, 38.97533114300252, 38.97533114300252, 38.97894873257008, 38.97894873257008, 38.97894873257008, 38.97894873257008, 38.97894873257008, 38.97894873257008, 38.97894873257008, 38.974420064437034, 38.98130747193296, 38.98226498741563, 38.98559460333084, 38.98559460333084, 38.98559460333084, 38.98559460333084, 38.98559460333084, 38.98559460333084, 38.98559460333084, 38.98559460333084, 38.98559460333084, 38.98559460333084, 38.98559460333084, 38.98559460333084, 38.987511728091974, 38.98259580546924, 38.98259580546924, 38.98259580546924, 38.98259580546924, 38.98259580546924, 38.98259580546924, 38.98259580546924, 38.98259580546924, 38.98941857031443, 38.98941857031443, 38.98941857031443], "gen_time": [15.816986325740464, 17.270834235017553, 14.372318363341682, 15.608072470514816, 14.574525413118335, 14.574525413118335, 14.772303396550093, 15.586759162709134, 14.752756745158583, 15.618705933146456, 15.618705933146456, 14.56623335165382, 13.949142485415917, 13.758820522687973, 13.115582113903669, 13.321378750389584, 12.505136887958962, 12.291361641679929, 12.291361641679929, 12.291361641679929, 12.91499449331626, 11.869284951102472, 11.869284951102472, 12.090941169993904, 12.728338153467165, 12.728338153467165, 13.141204095990071, 13.141204095990071, 13.141204095990071, 13.141204095990071, 12.912443692424155, 12.318017424637695, 12.08819403718718, 12.516238958328671, 12.516238958328671, 12.500622633608971, 12.500622633608971, 11.657729895553214, 11.657729895553214, 11.240975230500112, 11.240975230500112, 11.240975230500112, 11.238237477467198, 11.238237477467198, 11.238237477467198, 11.444136068566399, 11.25492832278693, 11.25492832278693, 11.259003357145996, 11.259003357145996, 11.037541833636496, 11.25259241400656, 11.25259241400656, 11.462302587293337, 11.462302587293337, 11.462302587293337, 11.03286125829542, 11.03286125829542, 11.03286125829542, 11.027704950018052, 11.445009613934143, 11.033906050167095, 11.033906050167095, 11.033906050167095, 11.034579232609623, 11.034579232609623, 11.033380368344295, 11.033380368344295, 11.033380368344295, 11.033380368344295, 11.033380368344295, 11.033380368344295, 11.033380368344295, 10.825608383755242, 11.029576180163465, 11.031820238316767, 11.033147109852331, 11.033147109852331, 11.033147109852331, 11.033147109852331, 11.033147109852331, 11.033147109852331, 11.033147109852331, 11.033147109852331, 11.033147109852331, 11.033147109852331, 11.033147109852331, 11.033147109852331, 11.031034569040479, 10.822551243478637, 10.822551243478637, 10.822551243478637, 10.822551243478637, 10.822551243478637, 10.822551243478637, 10.822551243478637, 10.822551243478637, 11.031289572955648, 11.031289572955648, 11.031289572955648]}