{
    "DOG_4507": {
        "PSNR": 36.99906041600637,
        "bpp": 0.2698739061749163,
        "genetic_statistic": null,
        "t_dec": 2.315239667892456,
        "t_enc": 551.16095662117
    },
    "DSC07099": {
        "PSNR": 33.90954067685537,
        "bpp": 0.3693653333333333,
        "genetic_statistic": null,
        "t_dec": 2.012815237045288,
        "t_enc": 413.87723898887634
    },
    "DSC07705": {
        "PSNR": 34.4454484222167,
        "bpp": 0.5577613333333333,
        "genetic_statistic": null,
        "t_dec": 1.9318394660949707,
        "t_enc": 375.2898814678192
    },
    "DSC08582": {
        "PSNR": 34.76686766126089,
        "bpp": 0.137436,
        "genetic_statistic": null,
        "t_dec": 1.7926228046417236,
        "t_enc": 426.7131962776184
    },
    "DSC08626": {
        "PSNR": 40.66310694196157,
        "bpp": 0.10348133333333333,
        "genetic_statistic": null,
        "t_dec": 1.7824511528015137,
        "t_enc": 342.19619512557983
    },
    "DSC08672": {
        "PSNR": 33.46802403905325,
        "bpp": 0.5290704541580343,
        "genetic_statistic": null,
        "t_dec": 2.0515248775482178,
        "t_enc": 367.11551427841187
    },
    "DSC08796": {
        "PSNR": 33.23552181699209,
        "bpp": 0.9975986666666666,
        "genetic_statistic": null,
        "t_dec": 2.0093533992767334,
        "t_enc": 396.56563663482666
    },
    "DSC08892": {
        "PSNR": 36.16736938931875,
        "bpp": 0.339292,
        "genetic_statistic": null,
        "t_dec": 1.8108129501342773,
        "t_enc": 405.3168294429779
    },
    "DSC08902": {
        "PSNR": 37.32383778073721,
        "bpp": 0.1737648550902829,
        "genetic_statistic": null,
        "t_dec": 1.740941047668457,
        "t_enc": 380.9343059062958
    },
    "DSC08928": {
        "PSNR": 36.967671417974756,
        "bpp": 0.29041066666666665,
        "genetic_statistic": null,
        "t_dec": 1.7830910682678223,
        "t_enc": 362.37607192993164
    },
    "DSC08936": {
        "PSNR": 38.577765726827906,
        "bpp": 0.143404,
        "genetic_statistic": null,
        "t_dec": 1.974686622619629,
        "t_enc": 343.1478159427643
    },
    "DSC_3889": {
        "PSNR": 37.00620939710073,
        "bpp": 0.3005608195428164,
        "genetic_statistic": null,
        "t_dec": 2.4399938583374023,
        "t_enc": 440.72156023979187
    },
    "IMG_1813": {
        "PSNR": 33.86389186360769,
        "bpp": 0.3808232355442177,
        "genetic_statistic": null,
        "t_dec": 2.5380380153656006,
        "t_enc": 497.4895007610321
    },
    "IMG_3227": {
        "PSNR": 39.03404166676931,
        "bpp": 0.11113467261904762,
        "genetic_statistic": null,
        "t_dec": 2.286045551300049,
        "t_enc": 462.2248783111572
    },
    "IMG_3261": {
        "PSNR": 40.11627485730581,
        "bpp": 0.15796463794954005,
        "genetic_statistic": null,
        "t_dec": 2.317854404449463,
        "t_enc": 451.8872151374817
    },
    "IMG_3412": {
        "PSNR": 36.764159703039454,
        "bpp": 0.2479743008314437,
        "genetic_statistic": null,
        "t_dec": 2.3905029296875,
        "t_enc": 559.6089158058167
    },
    "IMG_3515": {
        "PSNR": 36.38635804631643,
        "bpp": 0.29732727465986397,
        "genetic_statistic": null,
        "t_dec": 2.5985026359558105,
        "t_enc": 505.96619391441345
    },
    "IMG_3799": {
        "PSNR": 37.99732735135488,
        "bpp": 0.1831297831632653,
        "genetic_statistic": null,
        "t_dec": 2.446199893951416,
        "t_enc": 508.93020033836365
    },
    "IMG_4684": {
        "PSNR": 37.55808403470449,
        "bpp": 0.2827853954081633,
        "genetic_statistic": null,
        "t_dec": 2.5912208557128906,
        "t_enc": 548.1887147426605
    },
    "IMG_4700": {
        "PSNR": 35.10857632138662,
        "bpp": 0.6528491709183674,
        "genetic_statistic": null,
        "t_dec": 2.5768930912017822,
        "t_enc": 493.158789396286
    },
    "IMG_6726": {
        "PSNR": 36.91711475827627,
        "bpp": 0.19311065051020407,
        "genetic_statistic": null,
        "t_dec": 2.5660862922668457,
        "t_enc": 460.79618072509766
    },
    "IMG_7136": {
        "PSNR": 35.45228650548391,
        "bpp": 0.16172123473889402,
        "genetic_statistic": null,
        "t_dec": 1.592162847518921,
        "t_enc": 324.3649101257324
    },
    "IMG_8176": {
        "PSNR": 36.79850509145193,
        "bpp": 0.09954347363945579,
        "genetic_statistic": null,
        "t_dec": 2.3909401893615723,
        "t_enc": 457.17970967292786
    },
    "IMG_8795": {
        "PSNR": 40.99528303124838,
        "bpp": 0.061332057374340346,
        "genetic_statistic": null,
        "t_dec": 2.495169162750244,
        "t_enc": 518.2016627788544
    },
    "avg_bpp": 0.29340480231900773,
    "avg_psnr": 36.68843028821879,
    "avg_t_dec": 2.184791167577108,
    "avg_t_enc": 441.39216977357864
}