{
    "DOG_4507": {
        "PSNR": 36.99758222081594,
        "bpp": 0.26983367046763435,
        "genetic_statistic": null,
        "t_dec": 1.9756381511688232,
        "t_enc": 348.4375615119934
    },
    "DSC07099": {
        "PSNR": 33.90919139363699,
        "bpp": 0.369384,
        "genetic_statistic": null,
        "t_dec": 1.6901233196258545,
        "t_enc": 298.91940569877625
    },
    "DSC07705": {
        "PSNR": 34.44708278157644,
        "bpp": 0.5579146666666667,
        "genetic_statistic": null,
        "t_dec": 1.555708885192871,
        "t_enc": 305.8198301792145
    },
    "DSC08582": {
        "PSNR": 34.76310780026846,
        "bpp": 0.137456,
        "genetic_statistic": null,
        "t_dec": 1.4949049949645996,
        "t_enc": 281.808531999588
    },
    "DSC08626": {
        "PSNR": 40.66149225213461,
        "bpp": 0.10348666666666667,
        "genetic_statistic": null,
        "t_dec": 1.6994118690490723,
        "t_enc": 291.91437697410583
    },
    "DSC08672": {
        "PSNR": 33.46709778287344,
        "bpp": 0.5291049786909516,
        "genetic_statistic": null,
        "t_dec": 1.5419566631317139,
        "t_enc": 297.2213571071625
    },
    "DSC08796": {
        "PSNR": 33.231471085333155,
        "bpp": 0.9975906666666666,
        "genetic_statistic": null,
        "t_dec": 1.6994388103485107,
        "t_enc": 315.03860449790955
    },
    "DSC08892": {
        "PSNR": 36.17567589261465,
        "bpp": 0.339412,
        "genetic_statistic": null,
        "t_dec": 1.7646205425262451,
        "t_enc": 290.57167410850525
    },
    "DSC08902": {
        "PSNR": 37.32385923840933,
        "bpp": 0.17375531700404453,
        "genetic_statistic": null,
        "t_dec": 1.4490864276885986,
        "t_enc": 282.6392550468445
    },
    "DSC08928": {
        "PSNR": 36.96894218900137,
        "bpp": 0.29045866666666664,
        "genetic_statistic": null,
        "t_dec": 1.468592882156372,
        "t_enc": 286.4456596374512
    },
    "DSC08936": {
        "PSNR": 38.574162030004786,
        "bpp": 0.14344533333333334,
        "genetic_statistic": null,
        "t_dec": 1.6563684940338135,
        "t_enc": 278.3980906009674
    },
    "DSC_3889": {
        "PSNR": 37.00119903066091,
        "bpp": 0.3003594128080712,
        "genetic_statistic": null,
        "t_dec": 2.0901458263397217,
        "t_enc": 359.99032521247864
    },
    "IMG_1813": {
        "PSNR": 33.863851332449244,
        "bpp": 0.3808094175170068,
        "genetic_statistic": null,
        "t_dec": 2.216938018798828,
        "t_enc": 390.28921699523926
    },
    "IMG_3227": {
        "PSNR": 39.038469695829676,
        "bpp": 0.11116124574829932,
        "genetic_statistic": null,
        "t_dec": 2.1086599826812744,
        "t_enc": 359.80883526802063
    },
    "IMG_3261": {
        "PSNR": 40.1135848996871,
        "bpp": 0.1579922771474505,
        "genetic_statistic": null,
        "t_dec": 1.9768280982971191,
        "t_enc": 343.9600901603699
    },
    "IMG_3412": {
        "PSNR": 36.763495707296656,
        "bpp": 0.24791131267321745,
        "genetic_statistic": null,
        "t_dec": 1.8706638813018799,
        "t_enc": 320.19905519485474
    },
    "IMG_3515": {
        "PSNR": 36.386741900228785,
        "bpp": 0.2974250637755102,
        "genetic_statistic": null,
        "t_dec": 1.971513271331787,
        "t_enc": 375.901554107666
    },
    "IMG_3799": {
        "PSNR": 37.99277713277273,
        "bpp": 0.18299585459183673,
        "genetic_statistic": null,
        "t_dec": 2.1742069721221924,
        "t_enc": 363.04983949661255
    },
    "IMG_4684": {
        "PSNR": 37.5519793269866,
        "bpp": 0.2825706845238095,
        "genetic_statistic": null,
        "t_dec": 2.3413047790527344,
        "t_enc": 371.86030197143555
    },
    "IMG_4700": {
        "PSNR": 35.10746409871511,
        "bpp": 0.6528162202380953,
        "genetic_statistic": null,
        "t_dec": 2.0632286071777344,
        "t_enc": 396.4913763999939
    },
    "IMG_6726": {
        "PSNR": 36.91808631398611,
        "bpp": 0.19307451105442178,
        "genetic_statistic": null,
        "t_dec": 2.088454008102417,
        "t_enc": 375.5328805446625
    },
    "IMG_7136": {
        "PSNR": 35.44994046666555,
        "bpp": 0.16168115830511953,
        "genetic_statistic": null,
        "t_dec": 1.50569486618042,
        "t_enc": 260.6238751411438
    },
    "IMG_8176": {
        "PSNR": 36.802181505941675,
        "bpp": 0.09954878826530612,
        "genetic_statistic": null,
        "t_dec": 2.0935425758361816,
        "t_enc": 364.6092178821564
    },
    "IMG_8795": {
        "PSNR": 41.009876036428736,
        "bpp": 0.061353430221794056,
        "genetic_statistic": null,
        "t_dec": 1.9591193199157715,
        "t_enc": 357.5644021034241
    },
    "avg_bpp": 0.29339755595969036,
    "avg_psnr": 36.688304671429925,
    "avg_t_dec": 1.852339635292689,
    "avg_t_enc": 329.8789715766907
}