{"gen_score": [1.2047680652803834, 1.273900538610647, 1.31436144584341, 1.3458512525947341, 1.3607908054353999, 1.38440109129656, 1.38440109129656, 1.387553962665649, 1.4053510036076986, 1.4053510036076986, 1.4080517425114678, 1.4147795395121605, 1.4167309316129106, 1.4340881044340748, 1.4356070693428649, 1.4467444920828214, 1.4537818132024114, 1.4580262286409322, 1.4580262286409322, 1.4627662683755673, 1.4699240428997626, 1.4699240428997626, 1.4748637445137973, 1.4830553886751474, 1.4830553886751474, 1.4830553886751474, 1.484769453104164, 1.4938576577403282, 1.4938576577403282, 1.495392541916516, 1.5001267370188813, 1.5001267370188813, 1.5029831867584065, 1.5034668203223447, 1.5123557732541002, 1.5123557732541002, 1.5169728555898558, 1.5169728555898558, 1.5235765961938696, 1.5235765961938696, 1.5235765961938696, 1.5259401217848776, 1.527750245579881, 1.527750245579881, 1.5362395590684628, 1.5362395590684628, 1.5362395590684628, 1.5427629277177033, 1.5427629277177033, 1.5427629277177033, 1.5427629277177033, 1.5453251485852917, 1.5453251485852917, 1.5455612938779097, 1.54919206919989, 1.5518557372744368, 1.5518557372744368, 1.5518557372744368, 1.560284524379611, 1.560284524379611, 1.560284524379611, 1.560284524379611, 1.560284524379611, 1.5629244522045838, 1.566141740775791, 1.566141740775791, 1.566141740775791, 1.566141740775791, 1.566141740775791, 1.5706824134927189, 1.5706824134927189, 1.5706824134927189, 1.5706824134927189, 1.5706824134927189, 1.5706824134927189, 1.5706824134927189, 1.5706824134927189, 1.5706824134927189, 1.5706824134927189, 1.5714847538213235, 1.5746473214916534, 1.5746473214916534, 1.5746473214916534, 1.5746473214916534, 1.5746473214916534, 1.5746473214916534, 1.5746473214916534, 1.5750883393223418, 1.5750883393223418, 1.5768838653949473, 1.5772412556296018, 1.5772412556296018, 1.5802856948215407, 1.5802856948215407, 1.5812177000916279, 1.5812177000916279, 1.5812177000916279, 1.5812177000916279, 1.5812177000916279, 1.5812177000916279], "gen_psnr": [38.73908274238695, 38.77272124641679, 38.84941719362187, 38.85077636694594, 38.87177075501889, 38.824111557923814, 38.824111557923814, 38.869169104568485, 38.8686211335555, 38.8686211335555, 38.91346313325763, 38.884442046413746, 38.88614471223819, 38.916339892630766, 38.917430559067796, 38.93430467604141, 38.93473459888859, 38.91582621847074, 38.91582621847074, 38.895820590635736, 38.92728132178482, 38.92728132178482, 38.902679183383306, 38.904841266685935, 38.904841266685935, 38.904841266685935, 38.93014386384364, 38.957050707941065, 38.957050707941065, 38.94755049338586, 38.92186851776225, 38.92186851776225, 38.96092459612338, 38.919099376960396, 38.95828202855108, 38.95828202855108, 38.95656025873258, 38.95656025873258, 38.927597598723594, 38.927597598723594, 38.927597598723594, 38.977694352095966, 38.94981873553503, 38.94981873553503, 38.95794054678945, 38.95794054678945, 38.95794054678945, 38.982799420524735, 38.982799420524735, 38.982799420524735, 38.982799420524735, 38.98500002803916, 38.98500002803916, 38.96766010783025, 38.971178782460335, 38.9920274330599, 38.9920274330599, 38.9920274330599, 38.97029989988055, 38.97029989988055, 38.97029989988055, 38.97029989988055, 38.97029989988055, 38.97286591861376, 38.97036433932472, 38.97036433932472, 38.97036433932472, 38.97036433932472, 38.97036433932472, 38.974781010590085, 38.974781010590085, 38.974781010590085, 38.974781010590085, 38.974781010590085, 38.974781010590085, 38.974781010590085, 38.974781010590085, 38.974781010590085, 38.974781010590085, 38.98119647640107, 39.0028117566131, 39.0028117566131, 39.0028117566131, 39.0028117566131, 39.0028117566131, 39.0028117566131, 39.0028117566131, 38.9734748524187, 38.9734748524187, 38.97483409389429, 38.993405361526726, 38.993405361526726, 38.99022466889467, 38.99022466889467, 38.99724612822236, 38.99724612822236, 38.99724612822236, 38.99724612822236, 38.99724612822236, 38.99724612822236], "gen_time": [16.112018077666452, 14.88808810178985, 16.137572238766264, 15.098584879205731, 15.30737230100877, 12.84980392320737, 12.84980392320737, 14.294792725813666, 13.66220610667467, 13.66220610667467, 15.11535303075597, 13.882632898184497, 13.87405613003588, 14.316746046291568, 14.301977133472171, 14.499794176011951, 14.271952856273838, 13.473580585364495, 13.473580585364495, 12.620281703652728, 13.458314690717788, 13.458314690717788, 12.439630552250673, 12.231714660570633, 12.231714660570633, 12.231714660570633, 13.045112340870226, 13.659548184362075, 13.659548184362075, 13.27902753845195, 12.230194065142504, 12.230194065142504, 13.478457121059733, 12.019531164959195, 13.064141463542782, 13.064141463542782, 12.84556035477548, 12.84556035477548, 11.61913274743046, 11.61913274743046, 11.61913274743046, 13.265106119201684, 12.241459900031552, 12.241459900031552, 12.228787409198242, 12.228787409198242, 12.228787409198242, 12.861046205268801, 12.861046205268801, 12.861046205268801, 12.861046205268801, 12.848576779297577, 12.848576779297577, 12.242505555106831, 12.238640014007103, 12.865708376938825, 12.865708376938825, 12.865708376938825, 11.82583526367939, 11.82583526367939, 11.82583526367939, 11.82583526367939, 11.82583526367939, 11.823286674308235, 11.626084334299485, 11.626084334299485, 11.626084334299485, 11.626084334299485, 11.626084334299485, 11.621808422176922, 11.621808422176922, 11.621808422176922, 11.621808422176922, 11.621808422176922, 11.621808422176922, 11.621808422176922, 11.621808422176922, 11.621808422176922, 11.621808422176922, 11.815364473293371, 12.451664905765861, 12.451664905765861, 12.451664905765861, 12.451664905765861, 12.451664905765861, 12.451664905765861, 12.451664905765861, 11.424840008348966, 11.424840008348966, 11.409795711900019, 12.037860449754572, 12.037860449754572, 11.823200731685887, 11.823200731685887, 12.033181906086014, 12.033181906086014, 12.033181906086014, 12.033181906086014, 12.033181906086014, 12.033181906086014]}